Product Name,Product Code,Product Unit,Product Package,Product Brand,Product Category,Product SKU,Product Description,Product Photo URL,Product Price,Product Name (Chinese)
Bonaqua Mineralized Water 18.9L,bonaqua-mineralized-water-18-9l,18.9L,,Bonaqua,,205,"HK$50 is charged for each 11.3L/18.9L “Bonaqua” / “Sensation” carboy bottles. Deposit is refundable upon return of empty bottles to Swire Coca-Cola HK.
Bonaqua® Mineralized water, consecutive 12 years sales No.1*. Offering Refreshing and Thirst quenching mineralized water for consumers.
“Bonaqua” mineralized water is a quality bottled water provided by Swire Coca-Cola HK, the leading ready-to-drink beverage provider in Hong Kong. Bon Aqua is French for “good water”. “Bonaqua” contains balanced quality minerals to give a distinguished and refreshing crisp taste ideal for active people.
The stringent production process of “Bonaqua” complies with the high standards set out by The Coca-Cola Company and Swire Coca-Cola HK to meet the international quality and safety standards of the National Sanitation Foundation (NSF) for drinking water.
Each bottle of “Bonaqua” undergoes a series of meticulous production procedures. Water needs to go through multi-barrier filtration system, reverse osmosis treatment and disinfection, with balanced quality minerals added.
To ensure the high quality, the manufacturing and cleansing of the bottles are completed under the strictest supervision and all bottles are thoroughly washed and sterilized to prevent any contamination.
  “Bonaqua” / “Sensation” Carboy bottle deposit is HK$50 per bottle",https://s3-prd-hkp-ecommerce-01.s3.ap-southeast-1.amazonaws.com/ecom-prod/uploads/20230427115019/A205_BMW5Gal_500-1-1.jpg,$83.00,飛雪礦物質水18.9升樽裝
Bonaqua Purified Water 18.9L,purified-water-18-9l,18.9L,,Bonaqua,,111,"•A taste of purity to replenish body fluid
•The water has gone through multiple filtrations, reverse osmosis and sterilization process to ensure drinking safety
•A quality product of the Coca-Cola Company
“Bonaqua” / “Sensation” Carboy bottle deposit is HK$50 per bottle",https://s3-prd-hkp-ecommerce-01.s3.ap-southeast-1.amazonaws.com/ecom-prod/uploads/20230726121728/Sensation-AR111.png,$83.00,飛雪純淨水18.9升樽裝
Bonaqua Mineralized Water 11.3L,bonaqua-mineralized-water-11-3l,11.3L,,Bonaqua,,206,"HK$50 is charged for each 11.3L/18.9L “Bonaqua” / “Sensation” carboy bottles. Deposit is refundable upon return of empty bottles to Swire Coca-Cola HK.
Bonaqua® Mineralized water, consecutive 12 years sales No.1*. Offering Refreshing and Thirst quenching mineralized water for consumers.
* According to Nielsen December 2006 – November 2018 MarketTrack report
Bonaqua® Mineralized water, consecutive 12 years sales No.1*. Offering Refreshing and Thirst quenching mineralized water for consumers.
“Bonaqua” mineralized water is a quality bottled water provided by Swire Coca-Cola HK, the leading ready-to-drink beverage provider in Hong Kong. Bon Aqua is French for “good water”. “Bonaqua” contains balanced quality minerals to give a distinguished and refreshing crisp taste ideal for active people.
The stringent production process of “Bonaqua” complies with the high standards set out by The Coca-Cola Company and Swire Coca-Cola HK to meet the international quality and safety standards of the National Sanitation Foundation (NSF) for drinking water.
Each bottle of “Bonaqua” undergoes a series of meticulous production procedures. Water needs to go through multi-barrier filtration system, reverse osmosis treatment and disinfection, with balanced quality minerals added.
To ensure the high quality, the manufacturing and cleansing of the bottles are completed under the strictest supervision and all bottles are thoroughly washed and sterilized to prevent any contamination.
  “Bonaqua” / “Sensation” Carboy bottle deposit is HK$50 per bottle",https://s3-prd-hkp-ecommerce-01.s3.ap-southeast-1.amazonaws.com/ecom-prod/uploads/20230427115023/A206_BMW3Gal_500-1.jpg,$53.00,飛雪礦物質水11.3升樽裝
Bonaqua Mineralized Water (100% Recycled Plastic Bottle) 500ml PET 24P,bonaqua-mineralized-water-100-recycled-plastic-bottle-500ml-pet-24p,500ml,24P,Bonaqua,,2413,"Bonaqua® Mineralized water, consecutive 12 years sales No.1*. Offering Refreshing and Thirst quenching mineralized water for consumers.
* According to Nielsen December 2006 – November 2018 MarketTrack report",https://s3-prd-hkp-ecommerce-01.s3.ap-southeast-1.amazonaws.com/ecom-prod/uploads/20230808111827/Bonaqua_500mL.jpg,$71.00,飛雪礦物質水500毫升膠樽(100%再造樽) 24樽裝
Bonaqua Mineralized Water 4.8L Mini Carboy 4P,bonaqua-mineralized-water-4-8l-mini-carboy-4p,4.8L,4P,Bonaqua,,1248,"Bonaqua® Mineralized water, consecutive 12 years sales No.1*. Offering Refreshing and Thirst quenching mineralized water for consumers.
* According to Nielsen December 2006 – November 2018 MarketTrack report",https://s3-prd-hkp-ecommerce-01.s3.ap-southeast-1.amazonaws.com/ecom-prod/uploads/20230808111906/Bonaqua_4.8L.jpg,$98.00,飛雪礦物質水4.8升迷你桶裝
Bonaqua Mineralized Water (100% Recycled Plastic Bottle) 770ml PET 24P,bonaqua-mineralized-water-100-recycled-plastic-bottle-770ml-pet-24p,770ml,24P,Bonaqua,,97,"Bonaqua® Mineralized water, consecutive 12 years sales No.1*. Offering Refreshing and Thirst quenching mineralized water for consumers.
* According to Nielsen December 2006 – November 2018 MarketTrack report",https://s3-prd-hkp-ecommerce-01.s3.ap-southeast-1.amazonaws.com/ecom-prod/uploads/20230808111142/Bonaqua_770mL.jpg,$75.00,飛雪礦物質水770毫升膠樽(100%再造樽) 24樽裝
“Schweppes” Lime Flavoured Sparkling Water 410ml PET 24P,schweppes-lime-flavoured-sparkling-water-410ml-pet-24p,410ml,24P,Schweppes,,2862,No Sugar! No Calories! “Schweppes” Sparkling Water is for someone like you with trendy and energetic lifestyle!,https://s3-prd-hkp-ecommerce-01.s3.ap-southeast-1.amazonaws.com/ecom-prod/uploads/20231127143502/2862.jpg,$153.00,「玉泉」青檸味有氣水410毫升膠樽 24樽裝
Bonaqua Mineralized Water (100% Recycled Plastic Bottle) 1.5L PET 12P,bonaqua-mineralized-water-100-recycled-plastic-bottle-1-5l-pet-12p,1.5L,12P,Bonaqua,,98,"Bonaqua® Mineralized water, consecutive 12 years sales No.1*. Offering Refreshing and Thirst quenching mineralized water for consumers.
* According to Nielsen December 2006 – November 2018 MarketTrack report",https://s3-prd-hkp-ecommerce-01.s3.ap-southeast-1.amazonaws.com/ecom-prod/uploads/20230808111229/Bonaqua_1.5L.jpg,$82.00,飛雪礦物質水1.5升膠樽 (100%再造樽) 12樽裝
Coca-Cola 330ml CAN 24P (Random delivery of old and new packings),coca-cola-330ml-can-24p,330ml,24P,Coca-Cola,,2100,"Created in 1886 in Atlanta, Georgia, by Dr. John S. Pemberton, “Coca-Cola” was first offered as a fountain beverage at Jacob’s Pharmacy by mixing “Coca-Cola” syrup with carbonated water.
“Coca-Cola” Classic, classic taste for everyone",https://s3-prd-hkp-ecommerce-01.s3.ap-southeast-1.amazonaws.com/ecom-prod/uploads/20241223104114/40947_Coke-330mL.gif,$91.00,「可口可樂」汽水330毫升24罐裝 (新舊包裝隨機發送)
“Schweppes” Soda Water 330ml CAN 24P,schweppes-soda-water-330ml-can-24p,330ml,24P,Schweppes,,2114,“Schweppes” Mixer gets you surprised with free mix of different ingredients and beverages!,https://s3-prd-hkp-ecommerce-01.s3.ap-southeast-1.amazonaws.com/ecom-prod/uploads/20230427142913/Sch-Soda-Water-330mL.jpg,$108.00,「玉泉」梳打水330毫升24罐裝
“OOHA” Lemon & Honey Flavored Sparkling 200mL Mini Can 6P x 4,ooha-lemon-honey-flavored-sparkling-200ml-mini-can-6p-x-4,200mL,6P,OOHA,,3711,"New OOHA Sparkling Beverage (Lemon & Honey Flavoured), 0 sugar, 0 calories and 0 fat, dual flavours with classic combination, lemon flavour hits honey flavour, refreshing lemon flavour is neutralized by sweet honey flavour, every sip is a surprise!",https://s3-prd-hkp-ecommerce-01.s3.ap-southeast-1.amazonaws.com/ecom-prod/uploads/20230427115045/4Xmini-New-Fn38411-1.jpg,$110.00,“OOHA” 檸檬蜂蜜味汽水 200mL 迷你罐裝 6罐裝 x 4
Coca-Cola No Sugar 330ml CAN 24P (Random delivery of old and new packings),coca-cola-no-sugar-330ml-can-24p,330ml,24P,Coca-Cola,,2101,"Created in 1886 in Atlanta, Georgia, by Dr. John S. Pemberton, “Coca-Cola” was first offered as a fountain beverage at Jacob’s Pharmacy by mixing “Coca-Cola” syrup with carbonated water.
“Coca-Cola Zero”, no sugar, no calories with same great taste",https://s3-prd-hkp-ecommerce-01.s3.ap-southeast-1.amazonaws.com/ecom-prod/uploads/20241223104122/40947_CNS-330mL.gif,$91.00,無糖「可口可樂」汽水330毫升24罐裝 (新舊包裝隨機發送)
Coca-Cola® Sparkling Beverage RGB 250mL 12P,coca-cola-sparkling-beverage-rgb-250ml-12p,250mL,12P,Coca-Cola,,5309,"Created in 1886 in Atlanta, Georgia, by Dr. John S. Pemberton, “Coca-Cola” was first offered as a fountain beverage at Jacob’s Pharmacy by mixing “Coca-Cola” syrup with carbonated water.
“Coca-Cola” Classic, classic taste for everyone
Important Remarks:
A Deposit of $45 per crate is required upon first purchase of glass bottles products.
Deposit to be paid by CASH only.
Deposit can be refunded after collection of empty bottles and crates.
The Selling Price does not include the Deposit.
Please feel free to contact us via WhatsApp for any appointment on empty glass bottle collection.",https://s3-prd-hkp-ecommerce-01.s3.ap-southeast-1.amazonaws.com/ecom-prod/uploads/20230427115122/AWH-RB-product-shot-500X500-Product-shotFn35124R2TrimC-1.jpg,$80.00,「可口可樂」汽水 250毫升 玻璃樽 12枝裝
Flat Base Paper Cup with Aqueous Coating (7oz x 80 pcs),flat-base-paper-cup-with-aqueous-coating-7oz-x-80-pcs,7oz,80 pcs,Bonaqua,,4503,,https://s3-prd-hkp-ecommerce-01.s3.ap-southeast-1.amazonaws.com/ecom-prod/uploads/20240718093442/7oz-cup.jpg,$74.00,7安士平底杯80隻
Coca-Cola No Sugar 200ml Mini Can 24P (Random delivery of old and new packings),coca-cola-no-sugar-200ml-mini-can-24p,200ml,24P,Coca-Cola,,5130,"Created in 1886 in Atlanta, Georgia, by Dr. John S. Pemberton, “Coca-Cola” was first offered as a fountain beverage at Jacob’s Pharmacy by mixing “Coca-Cola” syrup with carbonated water.
“Coca-Cola Zero”, no sugar, no calories with same great taste.",https://s3-prd-hkp-ecommerce-01.s3.ap-southeast-1.amazonaws.com/ecom-prod/uploads/20241223104134/40947_CNS-200mL.gif,$84.00,無糖「可口可樂」汽水200毫升迷你罐 24罐裝 (新舊包裝隨機發送)
Coca-Cola 330ml CAN 12P,coca-cola-330ml-can-12p,330ml,12P,Coca-Cola,,7086,"Created in 1886 in Atlanta, Georgia, by Dr. John S. Pemberton, “Coca-Cola” was first offered as a fountain beverage at Jacob’s Pharmacy by mixing “Coca-Cola” syrup with carbonated water.
“Coca-Cola” Classic, classic taste for everyone
*Can be redeemed by Packaged Product eCoupons",https://s3-prd-hkp-ecommerce-01.s3.ap-southeast-1.amazonaws.com/ecom-prod/uploads/20241120111323/40902_Coke_330mLx12.jpg,$47.00,「可口可樂」汽水330毫升12罐裝
Authentic Tea House® Yinhao Jasmine Green Tea (No Sugar) 1.2L PET 12P,authentic-tea-house-yinhao-jasmine-green-tea-no-sugar-1-2l-pet-12p,1.2L,12P,Authentic Tea House,,5262,"Brewed with sprout which still covered in silver fuzz, picked in Spring before Qing Ming to deliver a premium tea taste. Scented through five times with Jasmine flowers, the aroma is completely blended with the tea, and gives a lightly aromatic yet rich tea taste.
Offers a strong aromatic green tea taste which is fresh but not light, strong but not astringent.",https://s3-prd-hkp-ecommerce-01.s3.ap-southeast-1.amazonaws.com/ecom-prod/uploads/20230427143516/ATH-Jasmine-1.2L.jpg,$130.00,淳。茶舍®銀毫苿莉綠茶飲料(無糖)1.2升膠樽 12樽裝
Coca-Cola Plus 330ml CAN 24P,coca-cola-plus-330ml-can-24p,330ml,24P,Coca-Cola,,5056,"“Coca-Cola Plus” contains Dietary Fiber, when taking the whole package (which contains minimum 5g dietary fiber) with meal, it helps slow down sugar absorption and reduce fat absorption and helps intestinal health*. And of course, balanced diet is important too!
*ADDED INDIGESTIBLE DEXTRIN (DIETARY FIBER) DERIVED FROM CORN. WHEN TAKING THE WHOLE PACKAGE (WHICH CONTAINS MINIMUM 5G DIETARY FIBER) WITH MEAL, IT HELPS SLOW DOWN SUGAR ABSORPTION AND REDUCE FAT ABSORPTION AND HELPS INTESTINAL HEALTH. BALANCED DIET RECOMMENDED.",https://s3-prd-hkp-ecommerce-01.s3.ap-southeast-1.amazonaws.com/ecom-prod/uploads/20230427143405/Coke-Plus-330mL-1.jpg,$91.00,「加系可口可樂」 膳食纖維 (無糖)330毫升24罐裝
Authentic Tea House®Dahongpao Oolong Tea Beverage (no sugar) 250ml Paper Pack 24P,authentic-tea-housedahongpao-oolong-tea-beverage-no-sugar-250ml-paper-pack-24p,250ml,24P,Authentic Tea House,,5409,"Specially selected Dahongpao Oolong tea leaves, which is being praised as “tribute tea” in the past. The tea is rich and sophisticated in taste. Especially suitable to drink after meal.",https://s3-prd-hkp-ecommerce-01.s3.ap-southeast-1.amazonaws.com/ecom-prod/uploads/20230427143530/ATH-Dahongpao-250mL.jpg,$67.00,淳。茶舍®大紅袍烏龍茶飲料(無糖)250毫升紙包 24包裝
Coca-Cola 200ml Mini Can 24P (Random delivery of old and new packings),coca-cola-200ml-mini-can-24p,200ml,24P,Coca-Cola,,5129,"Created in 1886 in Atlanta, Georgia, by Dr. John S. Pemberton, “Coca-Cola” was first offered as a fountain beverage at Jacob’s Pharmacy by mixing “Coca-Cola” syrup with carbonated water.
“Coca-Cola” Classic, classic taste for everyone",https://s3-prd-hkp-ecommerce-01.s3.ap-southeast-1.amazonaws.com/ecom-prod/uploads/20241223104127/40947_Coke-200mL.gif,$84.00,「可口可樂」汽水200毫升迷你罐 24罐裝 (新舊包裝隨機發送)
“Schweppes” Lime Flavored Sparkling Water 1.25L 12P,schweppes-lime-flavored-sparkling-water-1-25l-12p,1.25L,12P,Schweppes,,5393,No Sugar! No Calories! “Schweppes” Sparkling Water is for someone like you with trendy and energetic lifestyle!,https://s3-prd-hkp-ecommerce-01.s3.ap-southeast-1.amazonaws.com/ecom-prod/uploads/20231127143829/5393.jpg,$129.00,「玉泉」青檸味有氣水1.25升膠樽12樽裝
Bonaqua® Mineralized Water Label-less 600ml PET 24P,bonaqua-mineralized-water-label-less-600ml-pet-24p,600ml,24P,Bonaqua,,5353,"Bonaqua® Mineralized Water Label-less 600ML. Choose one less label, choose a better choice for the environment. New 600ML launch with larger volume, serving a better option for outdoor rehydration.",https://s3-prd-hkp-ecommerce-01.s3.ap-southeast-1.amazonaws.com/ecom-prod/uploads/20230808111643/Bonaqua_Labelless.jpg,$99.00,飛雪無招紙礦物質水600毫升24樽裝
Nescafe Regular Coffee 250ml CAN 24P,nescafe-regular-coffee-250ml-can-24p,250ml,24P,Nescafe,,235,"Rich, aromatic coffee and creaminess in every sip of NESCAFÉ® Coffee Beverage. Enjoy the delicious balance of coffee, milk and sugar anytime, anywhere.",https://s3-prd-hkp-ecommerce-01.s3.ap-southeast-1.amazonaws.com/ecom-prod/uploads/20230427143116/NC-Regular-250mL.jpg,$144.00,雀巢咖啡香滑咖啡250毫升24罐裝
“Schweppes” Lime Flavoured Sparkling Water 330ml CAN 24P,schweppes-lime-flavoured-sparkling-water-330ml-can-24p,330ml,24P,Schweppes,,5001,No Sugar! No Calories! “Schweppes” Sparkling Water is for someone like you with trendy and energetic lifestyle!,https://s3-prd-hkp-ecommerce-01.s3.ap-southeast-1.amazonaws.com/ecom-prod/uploads/20231127154847/5001-1.jpg,$122.00,「玉泉」青檸味有氣水330毫升24罐裝
Authentic Tea House®Dahongpao Oolong Tea Beverage (no sugar) 500ml PET 24P,authentic-tea-housedahongpao-oolong-tea-beverage-no-sugar-500ml-pet-24p,500ml,24P,Authentic Tea House,,5258,"Specially selected Dahongpao Oolong tea leaves, which is being praised as “tribute tea” in the past. The tea is rich and sophisticated in taste. Especially suitable to drink after meal.",https://s3-prd-hkp-ecommerce-01.s3.ap-southeast-1.amazonaws.com/ecom-prod/uploads/20230427143503/ATH-Dahongpao-500mL.jpg,$162.00,淳。茶舍®大紅袍烏龍茶飲料(無糖)500毫升膠樽 24樽裝
Flat Base Paper Cup with Aqueous Coating (4oz x 50 pcs),flat-base-paper-cup-with-aqueous-coating-4oz-x-50-pcs,4oz,50 pcs,Bonaqua,,4502,,https://s3-prd-hkp-ecommerce-01.s3.ap-southeast-1.amazonaws.com/ecom-prod/uploads/20240718093440/4oz-cup.jpg,$72.00,4安士平底杯50隻
“Schweppes” Soda Water 200ml Mini Can 24P,schweppes-soda-water-200ml-mini-can-24p,200ml,24P,Schweppes,,5136,“Schweppes” Mixer gets you surprised with free mix of different ingredients and beverages! New 200mL mini CAN is perfect for mixology. Just right for a glass of cocktail/ mocktail!,https://s3-prd-hkp-ecommerce-01.s3.ap-southeast-1.amazonaws.com/ecom-prod/uploads/20230427142702/Sch-Soda-Water-200mL.jpg,$91.00,「玉泉」梳打水200毫升迷你罐 24罐裝
Conical Paper Cup (4oz x 250 pcs),conical-paper-cup-4oz-x-250-pcs,4oz,250 pcs,,,4500,,https://s3-prd-hkp-ecommerce-01.s3.ap-southeast-1.amazonaws.com/ecom-prod/uploads/20230427115107/Cone-cup-1.jpg,$72.00,尖杯4安士250隻
Authentic Tea House® Dahongpao Oolong Tea Beverage (no sugar) 1.2L PET,authentic-tea-house-dahongpao-oolong-tea-beverage-no-sugar-1-2l-pet,1.2L,,Authentic Tea House,,5256,"Specially selected Dahongpao Oolong tea leaves, which is being praised as “tribute tea” in the past. The tea is rich and sophisticated in taste. Especially suitable to drink after meal.",https://s3-prd-hkp-ecommerce-01.s3.ap-southeast-1.amazonaws.com/ecom-prod/uploads/20230427143512/ATH-Dahongpao-1.2L.jpg,$130.00,淳。茶舍® 大紅袍烏龍茶飲料(無糖)1.2升膠樽 12樽裝
Coca-Cola® No Sugar Sparkling Beverage RGB 250mL 12P,coca-cola-no-sugar-sparkling-beverage-rgb-250ml-12p,250mL,12P,Coca-Cola,,5315,"Created in 1886 in Atlanta, Georgia, by Dr. John S. Pemberton, “Coca-Cola” was first offered as a fountain beverage at Jacob’s Pharmacy by mixing “Coca-Cola” syrup with carbonated water.
“Coca-Cola Zero”, no sugar, no calories with same great taste.
Important Remarks:
A Deposit of $45 per crate is required upon first purchase of glass bottles products.
Deposit to be paid by CASH only.
Deposit can be refunded after collection of empty bottles and crates.
The Selling Price does not include the Deposit
Please feel free to contact us via WhatsApp for any appointment on empty glass bottle collection.",https://s3-prd-hkp-ecommerce-01.s3.ap-southeast-1.amazonaws.com/ecom-prod/uploads/20230427115139/AWH-RB-product-shot-500X500-Product-shotFn35124R2TrimCNS-1.jpg,$80.00,無糖「可口可樂」汽水 250毫升 玻璃樽 12枝裝
Authentic Tea House® Yinhao Jasmine Green Tea (No Sugar) 250ml Paper Pack 24P,authentic-tea-house-yinhao-jasmine-green-tea-no-sugar-250ml-paper-pack-24p,250ml,24P,Authentic Tea House,,5410,"Brewed with sprout which still covered in silver fuzz, picked in Spring before Qing Ming to deliver a premium tea taste. Scented through five times with Jasmine flowers, the aroma is completely blended with the tea, and gives a lightly aromatic yet rich tea taste.
Offers a strong aromatic green tea taste which is fresh but not light, strong but not astringent.",https://s3-prd-hkp-ecommerce-01.s3.ap-southeast-1.amazonaws.com/ecom-prod/uploads/20230427143525/ATH-Jasmine-250mL.jpg,$67.00,淳。茶舍®銀毫苿莉綠茶飲料(無糖)250毫升紙包 24包裝
Authentic Tea House® Yinhao Jasmine Green Tea (No Sugar) 500ml PET 24P,authentic-tea-house-yinhao-jasmine-green-tea-no-sugar-500ml-pet-24p,500ml,24P,Authentic Tea House,,5264,"Brewed with sprout which still covered in silver fuzz, picked in Spring before Qing Ming to deliver a premium tea taste. Scented through five times with Jasmine flowers, the aroma is completely blended with the tea, and gives a lightly aromatic yet rich tea taste.
Offers a strong aromatic green tea taste which is fresh but not light, strong but not astringent.",https://s3-prd-hkp-ecommerce-01.s3.ap-southeast-1.amazonaws.com/ecom-prod/uploads/20230427143458/ATH-Jasmine-500mL.jpg,$162.00,淳。茶舍®銀毫苿莉綠茶飲料(無糖)500毫升膠樽 24樽裝
Coca-Cola No Sugar 330ml CAN 12P,coca-cola-no-sugar-330ml-can-12p,330ml,12P,Coca-Cola,,7087,"Created in 1886 in Atlanta, Georgia, by Dr. John S. Pemberton, “Coca-Cola” was first offered as a fountain beverage at Jacob’s Pharmacy by mixing “Coca-Cola” syrup with carbonated water.
“Coca-Cola Zero”, no sugar, no calories with same great taste.",https://s3-prd-hkp-ecommerce-01.s3.ap-southeast-1.amazonaws.com/ecom-prod/uploads/20241120111325/40902_CNS_330mLx12.jpg,$47.00,無糖「可口可樂」汽水330毫升12罐裝
Qoo White Grape Juice Drink 200ml Paper Pack 6P x 4,qoo-white-grape-juice-drink-200ml-paper-pack-24p,200ml,6P,Minute Maid,,2436,"Minute Maid ® Qoo ® White Grape Juice Drink comes with refreshing white grape juice and fortified with Vitamin B3, B6, folic acid and calcium. The tasty and nutritious choice for adults and kids!",https://s3-prd-hkp-ecommerce-01.s3.ap-southeast-1.amazonaws.com/ecom-prod/uploads/20241128093237/40948_eShop_MMQoo_500x500px_1.jpg,$72.00,Minute Maid® Qoo®白提子汁飲品200毫升紙包 6包裝 x 4
Qoo Apple Juice Drink 200ml Paper Pack 6P x 4,qoo-apple-juice-drink-200ml-paper-pack-24p,200ml,6P,Minute Maid,,2434,"Minute Maid ® Qoo ® Apple Juice Drink comes with refreshing apple juice and fortified with Vitamin B3, B6 and folic acid. The tasty and nutritious choice for adults and kids!",https://s3-prd-hkp-ecommerce-01.s3.ap-southeast-1.amazonaws.com/ecom-prod/uploads/20241128093230/40948_eShop_MMQoo_500x500px_3.jpg,$72.00,Minute Maid® Qoo®蘋果汁飲品200毫升紙包 6包裝 x 4
Schweppes® Cream Soda RGB 250mL 12P,schweppes-cream-soda-rgb-250ml-12p,250mL,12P,Schweppes,,5318,"With a signature creamy taste, “Schweppes” Cream Soda is well loved by Hong Kong people for decades!
Important Remarks:
A Deposit of $45 per crate is required upon first purchase of glass bottles products.
Deposit to be paid by CASH only.
Deposit can be refunded after collection of empty bottles and crates.
The Selling Price does not include the Deposit.
Please feel free to contact us via WhatsApp for any appointment on empty glass bottle collection.",https://s3-prd-hkp-ecommerce-01.s3.ap-southeast-1.amazonaws.com/ecom-prod/uploads/20230427115158/AWH-RB-product-shot-500X500-Product-shotFn35124R2TrimSch-1.jpg,$80.00,「玉泉」忌廉味汽水 250毫升 玻璃樽 12枝裝
Sprite Lemon-Lime Flavoured Soda 330ml CAN 24P (Random delivery of old and new packings),sprite-lemon-lime-flavoured-soda-330ml-can-24p,330ml,24P,Sprite,,2106,"With its clean, crisp, lemon-lime taste, Sprite quenches your thirst and helps you keep your cool in any heated moment.",https://s3-prd-hkp-ecommerce-01.s3.ap-southeast-1.amazonaws.com/ecom-prod/uploads/20230427142838/Sprite-330mL.jpg,$91.00,「雪碧」檸檬青檸味汽水330毫升24罐裝 (新舊包裝隨機發送)
Authentic Tea House® 消茶® Puer Tea Beverage (with Fiber) (No sugar) 500ml PET 24P,authentic-tea-house-%e6%b6%88%e8%8c%b6-puer-tea-beverage-with-fiber-no-sugar-500ml-pet-24p,500ml,24P,Authentic Tea House,,5403,Removes greasiness; reduces sugar absorption and slows down fat absorption,https://s3-prd-hkp-ecommerce-01.s3.ap-southeast-1.amazonaws.com/ecom-prod/uploads/20240321141814/ATH-Puer-500mL.jpg,$162.00,淳。茶舍® 消茶® 普洱茶飲料(含膳食纖維)(無糖)500毫升膠樽 24樽裝
Authentic Tea House® Cloudy Green Tea (No Sugar) 500ml PET 24P,authentic-tea-house-cloudy-green-tea-no-sugar-500ml-pet-24p,500ml,24P,Authentic Tea House,,5261,"Authentic Tea House Japanese green tea has unique cloudiness, which perfectly brings out Japanese green tea’s fresh taste. Swirl the bottle three times before drinking for a smooth, fresh and bittersweet taste as well as richer mouth feel. You can now enjoy Japanese green tea, which tastes like freshly brewed on-the-go.",https://s3-prd-hkp-ecommerce-01.s3.ap-southeast-1.amazonaws.com/ecom-prod/uploads/20230427143431/ATH-Cloudy-500mL-e1682865292780.jpg,$162.00,淳。茶舍® 雲抹® 日式綠茶飲料(無糖)500毫升膠樽 24樽裝
Nescafe Full Roast Coffee 250ml CAN 24P,nescafe-full-roast-coffee-250ml-can-24p,250ml,24P,Nescafe,,2464,"Rich, aromatic coffee and creaminess in every sip of NESCAFÉ® Coffee Beverage. Enjoy the delicious balance of coffee, milk and sugar anytime, anywhere.",https://s3-prd-hkp-ecommerce-01.s3.ap-southeast-1.amazonaws.com/ecom-prod/uploads/20230427143103/NC-Full-Roast-250mL.jpg,$144.00,雀巢咖啡濃香焙煎250毫升24罐裝
Coca-Cola No Sugar 200ml Mini Can 6P (Random delivery of old and new packings),coca-cola-no-sugar-200ml-mini-can-6p,200ml,6P,Coca-Cola,,7197,"Created in 1886 in Atlanta, Georgia, by Dr. John S. Pemberton, “Coca-Cola” was first offered as a fountain beverage at Jacob’s Pharmacy by mixing “Coca-Cola” syrup with carbonated water.
“Coca-Cola Zero”, no sugar, no calories with same great taste.",https://s3-prd-hkp-ecommerce-01.s3.ap-southeast-1.amazonaws.com/ecom-prod/uploads/20241223104130/40947_CNS-200mL-6P.gif,$26.00,無糖「可口可樂」汽水200毫升迷你罐 6罐裝 (新舊包裝隨機發送)
Authentic Tea House 消茶® Puer Tea Beverage (with Fiber) (No sugar) 1.2L PET 12P,authentic-tea-house-%e6%b6%88%e8%8c%b6-puer-tea-beverage-with-fiber-no-sugar-1-2l-pet-12p,1.2L,12P,Authentic Tea House,,5405,Removes greasiness; reduces sugar absorption and slows down fat absorption,https://s3-prd-hkp-ecommerce-01.s3.ap-southeast-1.amazonaws.com/ecom-prod/uploads/20240321121409/ATH-Puer-1.2L.jpg,$130.00,淳。茶舍消茶®普洱茶飲料 (含膳食纖維)(無糖)1.2升膠樽 12樽裝
Authentic Tea House Gyokuro Green Tea Beverage (No Sugar) 500ml PET 24P,authentic-tea-house-gyokuro-green-tea-beverage-no-sugar-500ml-pet-24p,500ml,24P,Authentic Tea House,,5265,"Brewed with “best of the best” Gyokuro Green Tea. Gyokuro Green Tea is precious because farmers gently cover the tea tree with chiffon cloth during sprouting, the tea leave will generate Theanine and with the tea kneading technique, bringing the premium sweet tea taste.",https://s3-prd-hkp-ecommerce-01.s3.ap-southeast-1.amazonaws.com/ecom-prod/uploads/20230427143435/ATH-Gyokuro-500mL.jpg,$162.00,淳。茶舍®玉露綠茶飲料 (無糖)500毫升膠樽 24樽裝
Aquarius Water and Electrolytes Replenishment Drink 500ml PET 24P,aquarius-water-and-electrolytes-replenishment-drink-500ml-pet-24p,500ml,24P,Aquarius,,5247,"Aquarius® contains vitamin B complex, helps you to reduce fatigue. Effectively replenish water & electroyltes that you lost in perspiration . Low Sugar and Low Calories",https://s3-prd-hkp-ecommerce-01.s3.ap-southeast-1.amazonaws.com/ecom-prod/uploads/20230427143546/AQ-500mL.jpg,$186.00,水動樂水分及電解質補充飲品500毫升膠樽 24樽裝
Nestea Honey Pear Tea 315ml CAN 6P,nestea-honey-pear-tea-315ml-can-6p,315ml,6P,Nestea,,7181,NESTEA® Honey Pear Tea first to combine the remarkable and luscious pear with iced tea. The perfect combination of the dewy honey and the pear tea brings you an exotic sensation. Enjoy you day with a harmonious symphony of this delightful dew!,https://s3-prd-hkp-ecommerce-01.s3.ap-southeast-1.amazonaws.com/ecom-prod/uploads/20230427115510/7181_NESTEA-Honey-Pear-tea-6x315ml-2015_500-1.png,$26.00,雀巢茶品蜂蜜雪梨茶315毫升6罐裝
NESCAFÉ® Americano Coffee 250ml CAN 24P,nescafe-americano-coffee-250ml-can-24p,250ml,24P,Nescafe,,5351,"Made with selected Arabica coffee beans. No sugar, no calories. Crisp and refreshing taste with butty and earthy flavors.",https://s3-prd-hkp-ecommerce-01.s3.ap-southeast-1.amazonaws.com/ecom-prod/uploads/20230427143120/NC-Americano-250mL.jpg,$144.00,雀巢咖啡® 美式醇黑咖啡250毫升24罐裝
Hi-C Lemon Tea 250ml Paper Pack 6P,hi-c-lemon-tea-250ml-paper-pack-6p,250ml,6P,Hi-C,,7152,"Yeung Gwong Lemon Tea, a classic Hong Kong’s favorite. The vintage packaging and the familiar taste allow you to appreciate a part of Hong Kong’s collective memory.",https://s3-prd-hkp-ecommerce-01.s3.ap-southeast-1.amazonaws.com/ecom-prod/uploads/20230427115330/YG-Lemon-Tea-250ml-6P-1.jpg,$18.00,陽光檸檬茶250毫升紙包 6包裝
“Schweppes” +C Lemon Flavoured Soda 330ml CAN 24P,schweppes-c-lemon-flavoured-soda-330ml-can-24p,330ml,24P,Schweppes,,2250,“Schweppes +C” Lemon prepares you for everyday challenge with invigorating taste from lemon juice (2.5%) and reduced sugar,https://s3-prd-hkp-ecommerce-01.s3.ap-southeast-1.amazonaws.com/ecom-prod/uploads/20230427142859/Sch-C-330mL.jpg,$91.00,「玉泉」+C有氣檸檬味飲品330毫升24罐裝
Schweppes Cream Soda 330ml CAN 24P,schweppes-cream-soda-330ml-can-24p,330ml,24P,Schweppes,,2110,"With a signature creamy taste, “Schweppes” Cream Soda is well loved by Hong Kong people for decades!",https://s3-dev-hkp-ecommerce-01.s3.ap-southeast-1.amazonaws.com/ecom-qa/uploads/20190711144339/Sch-Cream-Soda-330ml.jpg,$91.00,「玉泉」忌廉味汽水330毫升24罐裝
Authentic Tea House® Cold Brew Taiwan Jing-Xuan Oolong Tea Beverage 500ml PET 24P,authentic-tea-house-cold-brew-taiwan-jing-xuan-oolong-tea-beverage-500ml-pet-24p,500ml,24P,Authentic Tea House,,5345,"“Authentic Tea House ® Cold Brew Taiwan Jing-Xuan Oolong Tea Beverage” contains one of Taiwan’s most famous teas Jin Xuan from the renowned Nantou county.
Cold-brewing neutralises bitterness and astringency. This slowly crafted technique takes more time but thoroughly releases the natural sweetness of the tea. It offers up a gentle floral aroma and is both smooth and refreshing.",https://s3-prd-hkp-ecommerce-01.s3.ap-southeast-1.amazonaws.com/ecom-prod/uploads/20240321120253/ATH-CB-Oolong-Tea-500mL.jpg,$183.00,淳。茶舍®冷萃台灣金萱烏龍茶 500毫升膠樽 24樽裝
Sprite® Lemon Lime Flavoured Soda RGB 250mL 12P,sprite-lemon-lime-flavoured-soda-rgb-250ml-12p,250mL,12P,Sprite,,5313,"With its clean, crisp, lemon-lime taste, Sprite quenches your thirst and helps you keep your cool in any heated moment.
Important Remarks:
A Deposit of $45 per crate is required upon first purchase of glass bottles products.
Deposit to be paid by CASH only.
Deposit can be refunded after collection of empty bottles and crates.
The Selling Price does not include the Deposit.
Please feel free to contact us via WhatsApp for any appointment on empty glass bottle collection.",https://s3-prd-hkp-ecommerce-01.s3.ap-southeast-1.amazonaws.com/ecom-prod/uploads/20230427115128/AWH-RB-product-shot-500X500-Product-shotFn35124R2TrimSprite-1.jpg,$80.00,「雪碧」檸檬青檸味 汽水 250毫升 玻璃樽 12枝裝
“Schweppes” Sparkling Water 1.25L 12P,schweppes-sparkling-water-1-25l-12p,1.25L,12P,Schweppes,,5394,No Sugar! No Calories! “Schweppes” Sparkling Water is for someone like you with trendy and energetic lifestyle!,https://s3-prd-hkp-ecommerce-01.s3.ap-southeast-1.amazonaws.com/ecom-prod/uploads/20231127144226/5394.jpg,$129.00,「玉泉」有氣水1.25升膠樽12樽裝
Coca-Cola 2L PET 8P,coca-cola-2l-pet-8p,2L,8P,Coca-Cola,,181,"Created in 1886 in Atlanta, Georgia, by Dr. John S. Pemberton, “Coca-Cola” was first offered as a fountain beverage at Jacob’s Pharmacy by mixing “Coca-Cola” syrup with carbonated water.
“Coca-Cola” Classic, classic taste for everyone",https://s3-prd-hkp-ecommerce-01.s3.ap-southeast-1.amazonaws.com/ecom-prod/uploads/20230808112428/Coke_2L.jpg,$118.00,「可口可樂」汽水2升膠樽 8樽裝
Coca-Cola No Sugar 500ml PET 24P (Random delivery of old and new packings),coca-cola-no-sugar-500ml-pet-24p,500ml,24P,Coca-Cola,,5301,"Created in 1886 in Atlanta, Georgia, by Dr. John S. Pemberton, “Coca-Cola” was first offered as a fountain beverage at Jacob’s Pharmacy by mixing “Coca-Cola” syrup with carbonated water.
“Coca-Cola Zero”, no sugar, no calories with same great taste.",https://s3-prd-hkp-ecommerce-01.s3.ap-southeast-1.amazonaws.com/ecom-prod/uploads/20240726155946/CNS-500mL.jpg,$143.00,無糖「可口可樂」汽水500毫升 膠樽24樽裝 (新舊包裝隨機發送)
Nescafe Rich Coffee 250ml CAN 24P,nescafe-rich-coffee-250ml-can-24p,250ml,24P,Nescafe,,374,"Rich, aromatic coffee and creaminess in every sip of NESCAFÉ® Coffee Beverage. Enjoy the delicious balance of coffee, milk and sugar anytime, anywhere.",https://s3-prd-hkp-ecommerce-01.s3.ap-southeast-1.amazonaws.com/ecom-prod/uploads/20230427143111/NC-Rich-250mL.jpg,$144.00,雀巢咖啡香濃咖啡250毫升24罐裝
Hi-C Lemon Tea 250ml Paper Pack 24P,hi-c-lemon-tea-250ml-paper-pack-24p,250ml,24P,Hi-C,,1036,"Yeung Gwong Lemon Tea, a classic Hong Kong’s favorite. The vintage packaging and the familiar taste allow you to appreciate a part of Hong Kong’s collective memory.",https://s3-prd-hkp-ecommerce-01.s3.ap-southeast-1.amazonaws.com/ecom-prod/uploads/20230427143256/Hi-C-Lemon-250mL.jpg,$75.00,陽光檸檬茶250毫升紙包 24包裝
Fanta® Orange Flavoured Soda RGB 250mL 12P,fanta-orange-flavoured-soda-rgb-250ml-12p,250mL,12P,Fanta,,5314,"Fanta’s fresh fruity with a happy and fun image is popular with young people!
Important Remarks:
A Deposit of $45 per crate is required upon first purchase of glass bottles products.
Deposit to be paid by CASH only.
Deposit can be refunded after collection of empty bottles and crates.
The Selling Price does not include the Deposit.
Please feel free to contact us via WhatsApp for any appointment on empty glass bottle collection.",https://s3-prd-hkp-ecommerce-01.s3.ap-southeast-1.amazonaws.com/ecom-prod/uploads/20240910143052/Fanta-RGB-500X500-40656.jpg,$80.00,芬達橙味汽水 250毫升 玻璃樽 12枝裝
Coca-Cola 200ml Mini Can 6P (Random delivery of old and new packings),coca-cola-200ml-mini-can-6p,200ml,6P,Coca-Cola,,7173,"Created in 1886 in Atlanta, Georgia, by Dr. John S. Pemberton, “Coca-Cola” was first offered as a fountain beverage at Jacob’s Pharmacy by mixing “Coca-Cola” syrup with carbonated water.
“Coca-Cola” Classic, classic taste for everyone",https://s3-prd-hkp-ecommerce-01.s3.ap-southeast-1.amazonaws.com/ecom-prod/uploads/20241223104125/40947_Coke-200mL-6P.gif,$26.00,「可口可樂」汽水200毫升迷你罐 6罐裝 (新舊包裝隨機發送)
Schweppes ® Soda Water RGB 250mL 12P,schweppes-soda-water-rgb-250ml-12p,250mL,12P,Schweppes,,5316,"“Schweppes” Mixer gets you surprised with free mix of different ingredients and beverages!
Important Remarks:
A Deposit of $45 per crate is required upon first purchase of glass bottles products.
Deposit to be paid by CASH only.
Deposit can be refunded after collection of empty bottles and crates.
The Selling Price does not include the Deposit.
Please feel free to contact us via WhatsApp for any appointment on empty glass bottle collection.",https://s3-prd-hkp-ecommerce-01.s3.ap-southeast-1.amazonaws.com/ecom-prod/uploads/20230427115148/AWH-RB-product-shot-500X500-Product-shotFn35124R2TrimSoda-1.jpg,$80.00,「玉泉」梳打水 250毫升 玻璃樽 12枝裝
Qoo Blackcurrant Juice Drink 200ml Paper Pack 6P x 4,qoo-blackcurrant-juice-drink-200ml-paper-pack-24p,200ml,6P,Minute Maid,,2829,"Minute Maid ® Qoo ® Blackcurrant Juice Drink comes with delectable blackcurrant juice and fortified with Vitamin B3, B6 and folic acid. The tasty and nutritious choice for adults and kids!",https://s3-prd-hkp-ecommerce-01.s3.ap-southeast-1.amazonaws.com/ecom-prod/uploads/20241128093234/40948_eShop_MMQoo_500x500px_2.jpg,$72.00,Minute Maid® Qoo®黑加侖子汁飲品200毫升紙包 6包裝 x 4
Nestea Lemon Tea 315ml CAN 24P,nestea-lemon-tea-315ml-can-24p,315ml,24P,Nestea,,5269,"NESTEA® Lemon Tea is the classic blend of rich tea with a hint of lemon. The sensational breath of robust black tea and the brilliant scent of fruitiness burst out in just a second, freshening up your taste buds with a delightful after taste. The perfect choice to satisfy your Summer!",https://s3-prd-hkp-ecommerce-01.s3.ap-southeast-1.amazonaws.com/ecom-prod/uploads/20230427143004/Nestea-Lemon-315mL.jpg,$127.00,雀巢茶品檸檬茶315毫升24罐裝
Nescafe Regular Coffee 250ml CAN 6P,nescafe-regular-coffee-250ml-can-6p,250ml,6P,Nescafe,,7084,"Rich, aromatic coffee and creaminess in every sip of NESCAFÉ® Coffee Beverage. Enjoy the delicious balance of coffee, milk and sugar anytime, anywhere.
*Can be redeemed by Packaged Product eCoupons",https://s3-prd-hkp-ecommerce-01.s3.ap-southeast-1.amazonaws.com/ecom-prod/uploads/20230427115226/NESCAFE-regular-250ml-6P2-1.jpg,$46.00,雀巢咖啡香滑咖啡250毫升6罐裝
Fanta Orange Flavoured Soda 330ml CAN 24P,fanta-orange-flavoured-soda-330ml-can-24p,330ml,24P,Fanta,,2108,Fanta’s fresh fruity with a happy and fun image is popular with young people!,https://s3-prd-hkp-ecommerce-01.s3.ap-southeast-1.amazonaws.com/ecom-prod/uploads/20231010171217/2108.jpg,$91.00,芬達橙味汽水330毫升24罐裝
Qoo White Grape Juice Drink 200ml Paper Pack 6P,qoo-white-grape-juice-drink-200ml-paper-pack-6p,200ml,6P,Minute Maid,,7171,"Minute Maid ® Qoo ® White Grape Juice Drink comes with refreshing white grape juice and fortified with Vitamin B3, B6, folic acid and calcium. The tasty and nutritious choice for adults and kids!",https://s3-prd-hkp-ecommerce-01.s3.ap-southeast-1.amazonaws.com/ecom-prod/uploads/20230427115418/7171_Qoo_White_Grape_TP_6P_500-1.png,$19.00,Minute Maid® Qoo®白提子汁飲品200毫升紙包 6包裝
Coca-Cola Plus 500ml PET 24P,coca-cola-plus-500ml-pet-24p,500ml,24P,Coca-Cola,,5058,"“Coca-Cola Plus” contains Dietary Fiber, when taking the whole package (which contains minimum 5g dietary fiber) with meal, it helps slow down sugar absorption and reduce fat absorption and helps intestinal health*. And of course, balanced diet is important too!
*ADDED INDIGESTIBLE DEXTRIN (DIETARY FIBER) DERIVED FROM CORN. WHEN TAKING THE WHOLE PACKAGE (WHICH CONTAINS MINIMUM 5G DIETARY FIBER) WITH MEAL, IT HELPS SLOW DOWN SUGAR ABSORPTION AND REDUCE FAT ABSORPTION AND HELPS INTESTINAL HEALTH. BALANCED DIET RECOMMENDED.",https://s3-prd-hkp-ecommerce-01.s3.ap-southeast-1.amazonaws.com/ecom-prod/uploads/20230427143421/Coke-Plus-500mL.jpg,$143.00,「加系可口可樂」 膳食纖維 (無糖)500毫升膠樽 24樽裝
Monster Ultra Energy Drink 355ml CAN 24P,monster-ultra-energy-drink-355ml-can-24p,355ml,24P,Monster,,5070,"Monster Energy Ultra drink, a little less sweet, lighter-tasting, zero calories, but with a full load of our Monster Energy blend.",https://s3-prd-hkp-ecommerce-01.s3.ap-southeast-1.amazonaws.com/ecom-prod/uploads/20230427143053/Monster-Ultra-Energy-355mL.jpg,$290.00,魔爪超越碳酸能量飲料355毫升24罐裝
Kochakaden™ Craftea™ Lemonade Black Tea Beverage 500ml PET 24P,kochakaden-craftea-lemonade-black-tea-beverage-500ml-pet-24p,500ml,24P,Kochakaden,,5407,"CRAFT represents quality
an attitude about dedication on one aspect until you excel it.
CRAFT is perfectly represented by craftea, a fine developed recipe taking the perfect balance of Honey, Tea as well as real fruit juice.
With the background origin from Japan, it further elevate the proposition of a quality indulgence.",https://s3-prd-hkp-ecommerce-01.s3.ap-southeast-1.amazonaws.com/ecom-prod/uploads/20230427143203/KKD-Lemon-500mL.jpg,$180.00,紅茶花伝™ Craftea™ 檸檬紅茶飲料500毫升膠樽24樽裝
Hi-C Cocount Flavoured Soya Milk 250ml Paper Pack 6P,hi-c-cocount-flavoured-soya-milk-250ml-paper-pack-6p,250ml,6P,Hi-C,,7162,Yeung Gwong Coconut Flavored Soya Milk is a classic local Hong Kong flavor. The vintage packaging and the familiar taste allow you to appreciate a part of Hong Kong’s collective memory.,https://s3-prd-hkp-ecommerce-01.s3.ap-southeast-1.amazonaws.com/ecom-prod/uploads/20230427115340/7162_HiC_Coconut-Milk_250mL-6P-2019_500-1.png,$18.00,陽光椰子味荳奶250毫升紙包 6包裝
“Schweppes” Grapefruit Flavoured Soda 330ml CAN 24P,schweppes-grapefruit-flavoured-soda-330ml-can-24p,330ml,24P,Schweppes,,2116,"With its classic flavors, “Schweppes” is well loved by Hong Kong people for decades!",https://s3-prd-hkp-ecommerce-01.s3.ap-southeast-1.amazonaws.com/ecom-prod/uploads/20230427142855/Sch-Grapefruit-330mL-2.jpg,$91.00,「玉泉」西柚味汽水330毫升24罐裝
Aquarius Zero Water and Electrolytes Replenishment Drink 500ml PET 24P,aquarius-zero-water-and-electrolytes-replenishment-drink-500ml-pet-24p,500ml,24P,Aquarius,,5250,"Aquarius® Zero contains vitamin B complex, helps you to reduce fatigue. Effectively replenish water & electroyltes that you lost in perspiration.No Sugar and No Calories",https://s3-prd-hkp-ecommerce-01.s3.ap-southeast-1.amazonaws.com/ecom-prod/uploads/20230427143542/AQ-Zero-500mL.jpg,$186.00,零系水動樂水分及電解質補充飲品500毫升膠樽 24樽裝
Coca-Cola Lemon 330ml CAN 8P,coca-cola-lemon-330ml-can-8p,330ml,8P,Coca-Cola,,7157,"“Coca-Cola” also offer Lemon “Coca-Cola” (Lemon Flavoured) option, adding in refreshing lemon flavour, definitely a delicious and refreshing choice.",https://s3-prd-hkp-ecommerce-01.s3.ap-southeast-1.amazonaws.com/ecom-prod/uploads/20230207104310/A7157_Coke_Lemon_8P_500-1.jpg,$35.00,檸檬味「可口可樂」汽水330毫升8罐裝
Kochakaden™ Craftea™ Peach Black Tea Beverage 500ml PET 24P,kochakaden-craftea-peach-black-tea-beverage-500ml-pet-24p,500ml,24P,Kochakaden,,5408,"CRAFT represents quality
an attitude about dedication on one aspect until you excel it.
CRAFT is perfectly represented by craftea, a fine developed recipe taking the perfect balance of Honey, Tea as well as real fruit juice.
With the background origin from Japan, it further elevate the proposition of a quality indulgence.",https://s3-prd-hkp-ecommerce-01.s3.ap-southeast-1.amazonaws.com/ecom-prod/uploads/20230427143158/KKD-Peach-500mL.jpg,$180.00,紅茶花伝™ Craftea™ 蜜桃紅茶飲料500毫升膠樽24樽裝
Authentic Tea House® Cold Brew Japanese Deep-Steamed Green Tea Beverage 500ml PET 24P,authentic-tea-house-cold-brew-japanese-deep-steamed-green-tea-beverage-500ml-pet-24p,500ml,24P,Authentic Tea House,,5346,"Deep-Steamed Green Tea is a highly regarded form of Japanese tea preparation.
“Authentic Tea House ® Cold Brew Japanese Deep-Steamed Green Tea Beverage” uses tea leaves selected under the supervision of the 2015 Japanese Emperor Cup-winning tea master.
Cold-brewing neutralises bitterness and astringency. This slowly crafted technique takes more time but thoroughly releases the natural sweetness of the tea. Pure and light on the palate with the unique aftertaste of seaweed.",https://s3-prd-hkp-ecommerce-01.s3.ap-southeast-1.amazonaws.com/ecom-prod/uploads/20240321120449/ATH-CB-Green-Tea-500mL.jpg,$183.00,淳。茶舍®冷萃日式深蒸綠茶 500毫升膠樽 24樽裝
Fanta Grape Flavoured Soda 330ml CAN 24P,fanta-grape-flavoured-soda-330ml-can-24p,330ml,24P,Fanta,,2109,Fanta’s fresh fruity with a happy and fun image is popular with young people!,https://s3-prd-hkp-ecommerce-01.s3.ap-southeast-1.amazonaws.com/ecom-prod/uploads/20240910143048/Fanta-Grape-500X500-40656.jpg,$91.00,「芬達」提子味汽水330毫升24罐裝
Nescafe Extra Shot Coffee 250ml CAN 24P,nescafe-extra-shot-coffee-250ml-can-24p,250ml,24P,Nescafe,,5374,"To cope with the busy life and work, coffee is my daily necessity, and I prefer to choose extra shot because I need to wake myself up with extra caffeine.
NESCAFÉ®Extra Shot Coffee is roasted with selected beans. The mellow coffee combined with smooth milk has moderate sweetness and rich flavor, helps me to stay sharp and focused whenever I need to
Wake up instantly with NESCAFÉ® Extra Shot Coffee!",https://s3-prd-hkp-ecommerce-01.s3.ap-southeast-1.amazonaws.com/ecom-prod/uploads/20230427143057/NC-Extra-Shot-250mL.jpg,$144.00,雀巢特濃香滑咖啡250毫升24罐裝
Hi-C Chrysanthemum Tea 250ml Paper Pack 24P,hi-c-chrysanthemum-tea-250ml-paper-pack-24p,250ml,24P,Hi-C,,621,"Yeung Gwong Chrysanthemum Tea, a classic Hong Kong’s favorite. The vintage packaging and the familiar taste allow you to appreciate a part of Hong Kong’s collective memory.",https://s3-prd-hkp-ecommerce-01.s3.ap-southeast-1.amazonaws.com/ecom-prod/uploads/20230427143304/Hi-C-Chrysanthemum-250mL.jpg,$75.00,陽光菊花茶250毫升紙包 24包裝
Bonaqua Mineralized Water (100% Recycled Plastic Bottle) 1.5L PET 6P X 2,bonaqua-mineralized-water-100-recycled-plastic-bottle-1-5l-pet-6p-x-2,1.5L,6P,Bonaqua,,5378,"Bonaqua® Mineralized water, consecutive 12 years sales No.1*. Offering Refreshing and Thirst quenching mineralized water for consumers.
* According to Nielsen December 2006 – November 2018 MarketTrack report",https://s3-prd-hkp-ecommerce-01.s3.ap-southeast-1.amazonaws.com/ecom-prod/uploads/20230808111500/Bonaqua_1.5L-x-6.jpg,$82.00,飛雪礦物質水1.5升膠樽 (100%再造樽) 6樽裝 X 2
Authentic Tea House® Dahongpao Oolong Tea Beverage (no sugar) 920ml PET 12P,authentic-tea-house-dahongpao-oolong-tea-beverage-no-sugar-920ml-pet-12p,920ml,12P,Authentic Tea House,,5257,"Specially selected Dahongpao Oolong tea leaves, which is being praised as “tribute tea” in the past. The tea is rich and sophisticated in taste. Especially suitable to drink after meal.",https://s3-prd-hkp-ecommerce-01.s3.ap-southeast-1.amazonaws.com/ecom-prod/uploads/20230427143534/ATH-Dahongpao-920mL.jpg,$118.00,淳。茶舍® 大紅袍烏龍茶飲料(無糖)920毫升膠樽 12樽裝
Nescafe Creme White Coffee 250ml CAN 24P,nescafe-creme-white-coffee-250ml-can-24p,250ml,24P,Nescafe,,841,"Rich, aromatic coffee and creaminess in every sip of NESCAFÉ® Coffee Beverage. Enjoy the delicious balance of coffee, milk and sugar anytime, anywhere.",https://s3-prd-hkp-ecommerce-01.s3.ap-southeast-1.amazonaws.com/ecom-prod/uploads/20230427143107/NC-Creme-White-250mL.jpg,$144.00,雀巢咖啡歐陸奶滑250毫升24罐裝
Qoo Peach Juice Drink 200ml Paper Pack 6P x 4,qoo-peach-juice-drink-200ml-paper-pack-24p,200ml,6P,Minute Maid,,5059,"Minute Maid ® Qoo ® Peach Juice Drink comes with refreshing peach juice and fortified with Vitamin B3, B6, folic acid and calcium. The tasty and nutritious choice for adults and kids!",https://s3-prd-hkp-ecommerce-01.s3.ap-southeast-1.amazonaws.com/ecom-prod/uploads/20241128093132/40948_eShop_MMQoo_500x500px_4.jpg,$72.00,Minute Maid® Qoo®桃汁飲品200毫升紙包 6包裝 x 4
Aquarius Water and Electrolytes Replenishment Drink 315ml CAN 24P,aquarius-water-and-electrolytes-replenishment-drink-315ml-can-24p,315ml,24P,Aquarius,,2489,"Aquarius® contains vitamin B complex, helps you to reduce fatigue. Effectively replenish water & electroyltes that you lost in perspiration . Low Sugar and Low Calories",https://s3-prd-hkp-ecommerce-01.s3.ap-southeast-1.amazonaws.com/ecom-prod/uploads/20230427143538/AQ-315mL.jpg,$136.00,水動樂水分及電解質補充飲品315毫升24罐裝
Schweppes Tonic Water 200ml Mini Can 24P,schweppes-tonic-water-200ml-mini-can-24p,200ml,24P,Schweppes,,5138,“Schweppes” Mixer gets you surprised with free mix of different ingredients and beverages! New 200mL mini CAN is perfect for mixology. Just right for a glass of cocktail/ mocktail!,https://s3-prd-hkp-ecommerce-01.s3.ap-southeast-1.amazonaws.com/ecom-prod/uploads/20230427142711/Sch-Tonic-Water-200mL.jpg,$91.00,「玉泉」湯力水200毫升迷你罐24罐裝
Hi-C Apple Juice Drink 250ml Paper Pack 24P,hi-c-apple-juice-drink-250ml-paper-pack-24p,250ml,24P,Hi-C,,5020,Yeung Gwong Apple Juice Drink comes with aromatic apple juice taste. The vintage packaging and the familiar allow you to appreciate a part of Hong Kong’s collective memory.,https://s3-prd-hkp-ecommerce-01.s3.ap-southeast-1.amazonaws.com/ecom-prod/uploads/20230427143235/Hi-C-Apple-250mL.jpg,$75.00,陽光蘋果汁飲品250毫升紙包24包裝
Hi-C Lemon Tea 330ml Paper Pack 24P,hi-c-lemon-tea-330ml-paper-pack-24p,330ml,24P,Hi-C,,5107,"Yeung Gwong Lemon Tea, a classic Hong Kong’s favorite. The vintage packaging and the familiar taste allow you to appreciate a part of Hong Kong’s collective memory.",https://s3-prd-hkp-ecommerce-01.s3.ap-southeast-1.amazonaws.com/ecom-prod/uploads/20230427143211/Hi-C-Lemon-330mL.jpg,$86.00,陽光檸檬茶330毫升紙包 24包裝
Nestea Ice Rush Lemon Tea 315ml CAN 24P,nestea-ice-rush-lemon-tea-315ml-can-24p,315ml,24P,Nestea,,5270,NESTEA® ICE RUSH® Lemon Tea with Lemon brings a crispy kick to spice up your summer! The special icy recipe blends with a classic mix of tea and a bright burst of lemon flavor. Freshen up your senses and bring in the coolness!,https://s3-prd-hkp-ecommerce-01.s3.ap-southeast-1.amazonaws.com/ecom-prod/uploads/20230427143009/Nestea-Ice-Rush-Lemon315mL.jpg,$127.00,雀巢茶品冰極檸檬茶315毫升24罐裝
“Schweppes” Cream Soda 200ml Mini Can 6P,schweppes-cream-soda-200ml-mini-can-6p,200ml,6P,Schweppes,,7176,"With a signature creamy taste, “Schweppes” Cream Soda is well loved by Hong Kong people for decades!",https://s3-prd-hkp-ecommerce-01.s3.ap-southeast-1.amazonaws.com/ecom-prod/uploads/20230427115440/A7176Cream_Soda_Mini_200_CAN_6P_500-1.png,$26.00,「玉泉」忌廉味汽水200毫升迷你罐6罐裝
NESCAFÉ® Americano Coffee 250ml CAN 6P,nescafe-americano-coffee-250ml-can-6p,250ml,6P,Nescafe,,7223,"Made with selected Arabica coffee beans. No sugar, no calories. Crisp and refreshing taste with butty and earthy flavors.",https://s3-prd-hkp-ecommerce-01.s3.ap-southeast-1.amazonaws.com/ecom-prod/uploads/20230427115545/34977_NESCAFE_Web-banner_500X500PX-1.jpg,$46.00,雀巢咖啡® 美式醇黑咖啡250毫升6罐裝
Nescafe Smoovlatte Coffee Beverage 268ml PET 3P,nescafe-smoovlatte-coffee-beverage-268ml-pet-3p,268ml,3P,Nescafe,,7211,"NESCAFÉ® SMOOVLATTÉ® Coffee Beverage is made from a special blend of coffee beans. Its special silkiness is created from the perfect combination with a smooth rich milk. Enjoy the silky smooth experience. The SMOOVLATTÉ® range has two flavors, namely SMOOVLATTÉ® and Mocha, for your own choice.",https://s3-prd-hkp-ecommerce-01.s3.ap-southeast-1.amazonaws.com/ecom-prod/uploads/20231113105319/20230727_Nescafe-Smoovlatte-Original-product-shots-3pack.jpg,$32.00,雀巢咖啡Smoovlatte 咖啡飲料268毫升膠樽3樽裝
HealthWorks Lemon Yiyiren Drink 250ml Paper Pack 24P Full Case,healthworks-lemon-yiyiren-drink-250ml-paper-pack-24p-full-case,250ml,24P,HealthWorks,,5118,"HealthWorks introduces the series of wellness and herbal ready-to-drinks to cater for the health need of busy citizens that they can consume it at home or on the go. Healthworks successfully combines the Traditional Wisdom modernized with present technology to provide consumers with wellness and herbal beverages that are with no added artificial coloring and contain ingredients to nourish the body and mind.
Healthworks offers 5 flavours which are Sugarcane Rhizoma Imperatae & Sea Coconut, Self-Heal Spike, Hawthorn Apple, Rock Sugar with Pear and Lemon Yiyiren (newly launch in 2018).",https://s3-prd-hkp-ecommerce-01.s3.ap-southeast-1.amazonaws.com/ecom-prod/uploads/20230427143334/HealthWorks-Lemon-250mL.jpg,$74.00,健康工房檸檬薏米水飲料250毫升紙包24包裝原箱
Qoo Blackcurrant Juice Drink 200ml Paper Pack 6P,qoo-blackcurrant-juice-drink-200ml-paper-pack-6p,200ml,6P,Minute Maid,,7170,"Minute Maid ® Qoo ® Blackcurrant Juice Drink comes with delectable blackcurrant juice and fortified with Vitamin B3, B6 and folic acid. The tasty and nutritious choice for adults and kids!",https://s3-prd-hkp-ecommerce-01.s3.ap-southeast-1.amazonaws.com/ecom-prod/uploads/20230427115413/7170_Qoo_BlackCurrent_6P_500-1.png,$19.00,Minute Maid® Qoo®黑加侖子汁飲品200毫升紙包 6包裝
HealthWorks Rock Sugar with Pear Drink 250ml Paper Pack 24P Full Case,healthworks-rock-sugar-with-pear-drink-250ml-paper-pack-24p-full-case,250ml,24P,HealthWorks,,5102,"HealthWorks introduces the series of wellness and herbal ready-to-drinks to cater for the health need of busy citizens that they can consume it at home or on the go. Healthworks successfully combines the Traditional Wisdom modernized with present technology to provide consumers with wellness and herbal beverages that are with no added artificial coloring and contain ingredients to nourish the body and mind.
Healthworks offers 5 flavours which are Sugarcane Rhizoma Imperatae & Sea Coconut, Self-Heal Spike, Hawthorn Apple, Rock Sugar with Pear and Lemon Yiyiren (newly launch in 2018).",https://s3-prd-hkp-ecommerce-01.s3.ap-southeast-1.amazonaws.com/ecom-prod/uploads/20230427143330/HealthWorks-Pear-250mL.jpg,$74.00,健康工房冰糖雪梨飲料250毫升紙包24包裝原箱
Hi-C Apple Juice Drink 250ml Paper Pack 6P,hi-c-apple-juice-drink-250ml-paper-pack-6p,250ml,6P,Hi-C,,7166,Yeung Gwong Apple Juice Drink comes with aromatic apple juice taste. The vintage packaging and the familiar allow you to appreciate a part of Hong Kong’s collective memory.,https://s3-prd-hkp-ecommerce-01.s3.ap-southeast-1.amazonaws.com/ecom-prod/uploads/20230427115359/7166_HiC_Apple-Juice-250mL_Cmyk_Print-6P_500-1.png,$18.00,陽光蘋果汁飲品250毫升紙包6包裝
Nestea Royal Milk Tea CAN 210mL 24P,nestea-royal-milk-tea-can-210ml-24p,210mL,24P,Nestea,,5240,"Nestea ®Royal Milk Tea provides you a westernized style choice with lighter mouth feel, and allows you to enjoy the premium milk tea sensation anytime.",https://s3-prd-hkp-ecommerce-01.s3.ap-southeast-1.amazonaws.com/ecom-prod/uploads/20230427142951/Nestea-Royal-Milk-Tea-210mL.jpg,$138.00,雀巢皇室奶茶210毫升24罐裝
Hi-C Melon Flavoured Soya Milk 330ml Paper Pack 24P,hi-c-melon-flavoured-soya-milk-330ml-paper-pack-24p,330ml,24P,Hi-C,,5108,Yeung Gwong Melon Flavored Soya Milk is a classic local Hong Kong flavor. The vintage packaging and the familiar taste allow you to appreciate a part of Hong Kong’s collective memory.,https://s3-prd-hkp-ecommerce-01.s3.ap-southeast-1.amazonaws.com/ecom-prod/uploads/20230427143231/Hi-C-Melon-330mL.jpg,$86.00,陽光蜜瓜味荳奶330毫升紙包 24包裝
Hi-C Ceylon Lemon Tea (Low Sugar) 250ml Paper Pack 24P,hi-c-ceylon-lemon-tea-low-sugar-250ml-paper-pack-24p,250ml,24P,Hi-C,,5116,Yeung Gwong Local Café Ceylon Lemon Tea (Low Sugar) is a Hong Kong local café classic. Vintage packaging and the familiar taste allow you to appreciate a part of Hong Kong’s collective memory.,https://s3-prd-hkp-ecommerce-01.s3.ap-southeast-1.amazonaws.com/ecom-prod/uploads/20230427143207/Hi-C-Ceylon-LemonLow-Sugar-250ml.jpg,$75.00,陽光低糖錫蘭檸檬茶250毫升紙包24包裝
Coca-Cola 330mL Tall Can 24P (Random delivery of old and new packings),coca-cola-330ml-tall-can-24p,330mL,24P,Coca-Cola,,5124,"Created in 1886 in Atlanta, Georgia, by Dr. John S. Pemberton, “Coca-Cola” was first offered as a fountain beverage at Jacob’s Pharmacy by mixing “Coca-Cola” syrup with carbonated water.
“Coca-Cola” Classic, classic taste for everyone",https://s3-prd-hkp-ecommerce-01.s3.ap-southeast-1.amazonaws.com/ecom-prod/uploads/20241223104111/40947_Coke-330mL-Tall-Can.gif,$102.00,「可口可樂」汽水330毫升 高罐裝 24罐裝 (新舊包裝隨機發送)
“Schweppes” Dry Ginger Ale 200ml Mini Can 24P,schweppes-dry-ginger-ale-200ml-mini-can-24p,200ml,24P,Schweppes,,5140,“Schweppes” Mixer gets you surprised with free mix of different ingredients and beverages! New 200mL mini CAN is perfect for mixology. Just right for a glass of cocktail/ mocktail!,https://s3-prd-hkp-ecommerce-01.s3.ap-southeast-1.amazonaws.com/ecom-prod/uploads/20230427142653/Sch-Dry-Ginger-Ale-200mL.jpg,$91.00,「玉泉」乾薑味汽水200毫升迷你罐24罐裝
Schweppes Lemonade Mini CAN 200ml 24P,schweppes-lemonade-mini-can-200ml-24p,200ml,24P,Schweppes,,3991,“Schweppes” Mixer gets you surprised with free mix of different ingredients and beverages! New 200mL mini CAN is perfect for mixology. Just right for a glass of cocktail/ mocktail!,https://s3-prd-hkp-ecommerce-01.s3.ap-southeast-1.amazonaws.com/ecom-prod/uploads/20230427142657/Sch-Lemonade-200mL.jpg,$82.00,「玉泉」有氣檸檬水(檸檬味)200毫升迷你罐24罐裝
Schweppes Soda Water 200ml Mini Can 6P,schweppes-soda-water-200ml-mini-can-6p,200ml,6P,Schweppes,,7178,“Schweppes” Mixer gets you surprised with free mix of different ingredients and beverages! New 200mL mini CAN is perfect for mixology. Just right for a glass of cocktail/ mocktail!,https://s3-prd-hkp-ecommerce-01.s3.ap-southeast-1.amazonaws.com/ecom-prod/uploads/20230427115457/7178_Schweppes_Soda_Water_Mini_6P_mini_logo-1.png,$37.00,「玉泉」梳打水200毫升迷你罐 6罐裝
Minute Maid® Orange Juice Drink 420ml PET 24P,minute-maid-orange-juice-drink-420ml-pet-24p,420ml,24P,Minute Maid,,5276,"Minute Maid ® Orange Pulpy tastes so refreshing with rich orange pulps and with every sip of good orange taste. Orange juice and pulps come from good orange origin, the Americas. Made in Hong Kong. A must-choose for its credibility! It is also rich in Vitamin C!",https://s3-prd-hkp-ecommerce-01.s3.ap-southeast-1.amazonaws.com/ecom-prod/uploads/20241125092202/40902_MMOJ_420mLx24-1.jpg,$174.00,Minute Maid 橙汁飲品420毫升膠樽 24樽裝
Coca-Cola No Sugar 330mL Tall Can 24P (Random delivery of old and new packings),coca-cola-no-sugar-330ml-tall-can-24p,330mL,24P,Coca-Cola,,5125,"Created in 1886 in Atlanta, Georgia, by Dr. John S. Pemberton, “Coca-Cola” was first offered as a fountain beverage at Jacob’s Pharmacy by mixing “Coca-Cola” syrup with carbonated water.
“Coca-Cola Zero”, no sugar, no calories with same great taste",https://s3-prd-hkp-ecommerce-01.s3.ap-southeast-1.amazonaws.com/ecom-prod/uploads/20241223104119/40947_CNS-330mL-Tall-Can.gif,$102.00,無糖「可口可樂」汽水330毫升 高罐裝 24罐裝 (新舊包裝隨機發送)
“Schweppes” +C Lemon Flavoured Soda 330ml CAN 8P,schweppes-c-lemon-flavoured-soda-330ml-can-8p,330ml,8P,Schweppes,,7121,“Schweppes +C” Lemon prepares you for everyday challenge with invigorating taste from lemon juice (2.5%) and reduced sugar,https://s3-prd-hkp-ecommerce-01.s3.ap-southeast-1.amazonaws.com/ecom-prod/uploads/20230207104348/SchC-Lemon-330ml-8P-1.jpg,$35.00,「玉泉」+C有氣檸檬味飲品330毫升8罐裝
“Schweppes” Cream Soda 330ml CAN 12P,schweppes-cream-soda-330ml-can-12p,330ml,12P,Schweppes,,7092,"With a signature creamy taste, “Schweppes” Cream Soda is well loved by Hong Kong people for decades!
*Can be redeemed by Packaged Product eCoupons",https://s3-prd-hkp-ecommerce-01.s3.ap-southeast-1.amazonaws.com/ecom-prod/uploads/20230207104447/A7092_Cream_Soda_Can_330_12P-1.jpg,$47.00,「玉泉」忌廉味汽水330毫升12罐裝
Authentic Tea House 消茶® Puer Tea Beverage (with Fiber) (No sugar) 920ml PET 12P,authentic-tea-house-%e6%b6%88%e8%8c%b6-puer-tea-beverage-with-fiber-no-sugar-920ml-pet-12p,920ml,12P,Authentic Tea House,,5404,Removes greasiness; reduces sugar absorption and slows down fat absorption,https://s3-prd-hkp-ecommerce-01.s3.ap-southeast-1.amazonaws.com/ecom-prod/uploads/20240321145407/ATH-Puer-920mL-1.jpg,$118.00,淳。茶舍消茶®普洱茶飲料 (含膳食纖維)(無糖)920毫升膠樽 12樽裝
HealthWorks Self-heal Spike Drink 500ml PET 24P,healthworks-self-heal-spike-drink-500ml-pet-24p,500ml,24P,HealthWorks,,5251,"HealthWorks introduces the series of wellness and herbal ready-to-drinks to cater for the health need of busy citizens that they can consume it at home or on the go. Healthworks successfully combines the Traditional Wisdom modernized with present technology to provide consumers with wellness and herbal beverages that are with no added artificial coloring and contain ingredients to nourish the body and mind.
Healthworks offers 5 flavours which are Sugarcane Rhizoma Imperatae & Sea Coconut, Self-Heal Spike, Hawthorn Apple, Rock Sugar with Pear and Lemon Yiyiren (newly launch in 2018).",https://s3-prd-hkp-ecommerce-01.s3.ap-southeast-1.amazonaws.com/ecom-prod/uploads/20230427143322/HealthWorks-Self-Heal-500mL.jpg,$157.00,健康工房夏枯草飲料500毫升膠樽24樽裝
Hi-C Melon Flavoured Soya Milk (Low Sugar) 250ml Paper Pack 24P,hi-c-melon-flavoured-soya-milk-low-sugar-250ml-paper-pack-24p,250ml,24P,Hi-C,,2334,Yeung Gwong classic Melon Flavored Soya Milk now offers a low sugar option for you. The vintage packaging and the familiar taste allow you to appreciate a part of Hong Kong’s collective memory.,https://s3-prd-hkp-ecommerce-01.s3.ap-southeast-1.amazonaws.com/ecom-prod/uploads/20230427143251/Hi-C-MelonLow-Sugar-250mL.jpg,$75.00,陽光低糖蜜瓜味荳奶250毫升紙包24包裝
Sprite No Sugar Lemon-Lime Flavoured Soda 500ml PET 24P (Random delivery of old and new packings),sprite-no-sugar-lemon-lime-flavoured-soda-500ml-pet-24p,500ml,24P,Sprite,,5347,"Sprite® No Sugar has the same intense, refreshing lemon-lime flavoured taste of classic Sprite® but with no sugar, no calories, no caffeine, and natural flavourings. It’s made to quench your thirst and help you keep your cool in any heated moment.",https://s3-prd-hkp-ecommerce-01.s3.ap-southeast-1.amazonaws.com/ecom-prod/uploads/20230427142846/Sprite-No-Sugar-500mL.jpg,$143.00,無糖「雪碧」檸檬青檸味汽水500毫升膠樽 24樽裝 (新舊包裝隨機發送)
Monster Energy Drink 355ml CAN 24P,monster-energy-drink-355ml-can-24p,355ml,24P,Monster,,5013,"Tear into a can of the meanest energy supplement on the planet, MONSTER energy. MONSTER packs a vicious punch but has a smooth flavor you can really pound down.",https://s3-prd-hkp-ecommerce-01.s3.ap-southeast-1.amazonaws.com/ecom-prod/uploads/20230427143132/Monster-Energy-355ml.jpg,$290.00,魔爪碳酸能量飲料355毫升24罐裝
Coca-Cola Plus 330mL Tall Can 24P,coca-cola-plus-330ml-tall-can-24p,330mL,24P,Coca-Cola,,5126,"“Coca-Cola Plus” contains Dietary Fiber, when taking the whole package (which contains minimum 5g dietary fiber) with meal, it helps slow down sugar absorption and reduce fat absorption and helps intestinal health*. And of course, balanced diet is important too!
*ADDED INDIGESTIBLE DEXTRIN (DIETARY FIBER) DERIVED FROM CORN. WHEN TAKING THE WHOLE PACKAGE (WHICH CONTAINS MINIMUM 5G DIETARY FIBER) WITH MEAL, IT HELPS SLOW DOWN SUGAR ABSORPTION AND REDUCE FAT ABSORPTION AND HELPS INTESTINAL HEALTH. BALANCED DIET RECOMMENDED.",https://s3-prd-hkp-ecommerce-01.s3.ap-southeast-1.amazonaws.com/ecom-prod/uploads/20230427143352/Coke-Plus-Tall-Can-330mL.jpg,$102.00,「加系可口可樂」 膳食纖維 (無糖)330毫升 高罐裝 24罐裝
HealthWorks Lemon Yiren Drink 500ml PET 24P,healthworks-lemon-yiren-drink-500ml-pet-24p,500ml,24P,HealthWorks,,5255,"HealthWorks introduces the series of wellness and herbal ready-to-drinks to cater for the health need of busy citizens that they can consume it at home or on the go. Healthworks successfully combines the Traditional Wisdom modernized with present technology to provide consumers with wellness and herbal beverages that are with no added artificial coloring and contain ingredients to nourish the body and mind. Healthworks offers 5 flavours which are Sugarcane Rhizoma Imperatae & Sea Coconut, Self-Heal Spike, Hawthorn Apple, Rock Sugar with Pear and Lemon Yiyiren (newly launch in 2018).",https://s3-prd-hkp-ecommerce-01.s3.ap-southeast-1.amazonaws.com/ecom-prod/uploads/20230427143308/HealthWorks-Lemon-500mL.jpg,$157.00,健康工房檸檬薏米水飲料500毫升膠樽24樽裝
“Schweppes” Spicy Ginger Beer Soda (Ginger Flavoured) 200ml Mini Can 24P,schweppes-spicy-ginger-beer-soda-ginger-flavoured-200ml-mini-can-24p,200ml,24P,Schweppes,,5142,“Schweppes” Mixer gets you surprised with free mix of different ingredients and beverages! New 200mL mini CAN is perfect for mixology. Just right for a glass of cocktail/ mocktail!,https://s3-prd-hkp-ecommerce-01.s3.ap-southeast-1.amazonaws.com/ecom-prod/uploads/20230427142706/Sch-Spicy-Ginger-200mL.jpg,$91.00,「玉泉」有氣辣薑啤飲品 (薑味)200毫升迷你罐 24罐裝
HealthWorks Hawthorn Apple Drink 250ml Paper Pack 24P Full Case,healthworks-hawthorn-apple-drink-250ml-paper-pack-24p-full-case,250ml,24P,HealthWorks,,5103,"HealthWorks introduces the series of wellness and herbal ready-to-drinks to cater for the health need of busy citizens that they can consume it at home or on the go. Healthworks successfully combines the Traditional Wisdom modernized with present technology to provide consumers with wellness and herbal beverages that are with no added artificial coloring and contain ingredients to nourish the body and mind.
Healthworks offers 5 flavours which are Sugarcane Rhizoma Imperatae & Sea Coconut, Self-Heal Spike, Hawthorn Apple, Rock Sugar with Pear and Lemon Yiyiren (newly launch in 2018).",https://s3-prd-hkp-ecommerce-01.s3.ap-southeast-1.amazonaws.com/ecom-prod/uploads/20230427143326/HealthWorks-Apple-250mL.jpg,$74.00,健康工房山楂蘋果飲料250毫升紙包24包裝原箱
Nescafe Smoovlatte Coffee Beverage 268ml PET 15P,nescafe-smoovlatte-coffee-beverage-268ml-pet-15p,268ml,15P,Nescafe,,375,"NESCAFÉ® SMOOVLATTÉ® Coffee Beverage is made from a special blend of coffee beans. Its special silkiness is created from the perfect combination with a smooth rich milk. Enjoy the silky smooth experience. The SMOOVLATTÉ® range has two flavors, namely SMOOVLATTÉ® and Mocha, for your own choice.",https://s3-prd-hkp-ecommerce-01.s3.ap-southeast-1.amazonaws.com/ecom-prod/uploads/20231113105934/eShop-500X500-Fn39081R1-SPET.jpg,$139.00,雀巢咖啡Smoovlatte 咖啡飲料268毫升膠樽15樽裝
Coca-Cola No Sugar 330ml CAN 8P (Random delivery of old and new packings),coca-cola-no-sugar-330ml-can-8p,330ml,8P,Coca-Cola,,7114,"Created in 1886 in Atlanta, Georgia, by Dr. John S. Pemberton, “Coca-Cola” was first offered as a fountain beverage at Jacob’s Pharmacy by mixing “Coca-Cola” syrup with carbonated water.
“Coca-Cola Zero”, no sugar, no calories with same great taste.",https://s3-prd-hkp-ecommerce-01.s3.ap-southeast-1.amazonaws.com/ecom-prod/uploads/20241223104117/40947_CNS-330mL-8P.gif,$35.00,無糖「可口可樂」汽水330毫升8罐裝 (新舊包裝隨機發送)
Nestea Lemon Tea 480ml PET 24P,nestea-lemon-tea-480ml-pet-24p,480ml,24P,Nestea,,5245,"NESTEA® Lemon Tea is the classic blend of rich tea with a hint of lemon. The sensational breath of robust black tea and the brilliant scent of fruitiness burst out in just a second, freshening up your taste buds with a delightful after taste. The perfect choice to satisfy your Summer!",https://s3-prd-hkp-ecommerce-01.s3.ap-southeast-1.amazonaws.com/ecom-prod/uploads/20230427142956/Nestea-Lemon-480mL.jpg,$151.00,雀巢茶品檸檬茶480毫升膠樽 24樽裝
Nestea Honey Pear Tea 315ml CAN 24P,nestea-honey-pear-tea-315ml-can-24p,315ml,24P,Nestea,,5271,NESTEA® Honey Pear Tea first to combine the remarkable and luscious pear with iced tea. The perfect combination of the dewy honey and the pear tea brings you an exotic sensation. Enjoy you day with a harmonious symphony of this delightful dew!,https://s3-prd-hkp-ecommerce-01.s3.ap-southeast-1.amazonaws.com/ecom-prod/uploads/20230427143013/Nestea-Pear-315mL.jpg,$127.00,雀巢茶品蜂蜜雪梨茶315毫升24罐裝
Hi-C Melon Flavoured Soya Milk 250ml Paper Pack 24P,hi-c-melon-flavoured-soya-milk-250ml-paper-pack-24p,250ml,24P,Hi-C,,630,Yeung Gwong Melon Flavored Soya Milk is a classic local Hong Kong flavor. The vintage packaging and the familiar taste allow you to appreciate a part of Hong Kong’s collective memory.,https://s3-prd-hkp-ecommerce-01.s3.ap-southeast-1.amazonaws.com/ecom-prod/uploads/20230427143300/Hi-C-Melon-250mL.jpg,$75.00,陽光蜜瓜味荳奶250毫升紙包24包裝
Sprite Lemon-Lime Flavoured Soda 330ml CAN 8P (Random delivery of old and new packings),sprite-lemon-lime-flavoured-soda-330ml-can-8p,330ml,8P,Sprite,,7115,"With its clean, crisp, lemon-lime taste, Sprite quenches your thirst and helps you keep your cool in any heated moment.",https://s3-prd-hkp-ecommerce-01.s3.ap-southeast-1.amazonaws.com/ecom-prod/uploads/20230207104329/36319_Sprite-New-Product-Shots_x-9-pcs_500-x-500px_1-1-1.jpg,$35.00,「雪碧」檸檬青檸味汽水330毫升8罐裝 (新舊包裝隨機發送)
Hi-C Honey Lychee Tea 250ml Paper Pack 24P,hi-c-honey-lychee-tea-250ml-paper-pack-24p,250ml,24P,Hi-C,,5011,Yeung Gwong Local Café Honey Lychee Flavoured Tea Beverage is a Hong Kong local café classic. Vintage packaging and the familiar taste allow you to appreciate a part of Hong Kong’s collective memory.,https://s3-prd-hkp-ecommerce-01.s3.ap-southeast-1.amazonaws.com/ecom-prod/uploads/20230427143215/Hi-C-Honey-Lychee-250mL.jpg,$75.00,陽光蜂蜜荔枝茶250毫升紙包 24包裝
Hi-C Cocount Flavoured Soya Milk 330ml Paper Pack 24P,hi-c-cocount-flavoured-soya-milk-330ml-paper-pack-24p,330ml,24P,Hi-C,,5109,Yeung Gwong Coconut Flavored Soya Milk is a classic local Hong Kong flavor. The vintage packaging and the familiar taste allow you to appreciate a part of Hong Kong’s collective memory.,https://s3-prd-hkp-ecommerce-01.s3.ap-southeast-1.amazonaws.com/ecom-prod/uploads/20241120105720/40902_Hi-C-Cocount-330mLx24.jpg,$86.00,陽光椰子味荳奶330毫升紙包 24包裝
Coca-Cola 330ml CAN 8P (Random delivery of old and new packings),coca-cola-330ml-can-8p,330ml,8P,Coca-Cola,,7113,"Created in 1886 in Atlanta, Georgia, by Dr. John S. Pemberton, “Coca-Cola” was first offered as a fountain beverage at Jacob’s Pharmacy by mixing “Coca-Cola” syrup with carbonated water.
“Coca-Cola Zero”, no sugar, no calories with same great taste.",https://s3-prd-hkp-ecommerce-01.s3.ap-southeast-1.amazonaws.com/ecom-prod/uploads/20241223104109/40947_Coke-330mL-8P.gif,$35.00,「可口可樂」汽水330毫升8罐裝 (新舊包裝隨機發送)
“Schweppes” Grapefruit Flavoured Soda 330ml CAN 8P,schweppes-grapefruit-flavoured-soda-330ml-can-8p,330ml,8P,Schweppes,,7119,"With its classic flavors, “Schweppes” is well loved by Hong Kong people for decades!",https://s3-prd-hkp-ecommerce-01.s3.ap-southeast-1.amazonaws.com/ecom-prod/uploads/20230207104358/Sch-Grapefruit-330ml-8P-1.jpg,$35.00,「玉泉」西柚味汽水330毫升8罐裝
Hi-C Pineapple Juice Drink 250ml Paper Pack 24P,hi-c-pineapple-juice-drink-250ml-paper-pack-24p,250ml,24P,Hi-C,,5115,Yeung Gwong Local Café Pineapple Juice Drink brings you the classic specialty drink taste that you will find in Hong Kong local café. The sweet and sour taste of pineapple juice is so refreshing! The vintage packaging and the familiar taste allow you to appreciate a part of Hong Kong’s collective memory.,https://s3-prd-hkp-ecommerce-01.s3.ap-southeast-1.amazonaws.com/ecom-prod/uploads/20230427143219/Hi-C-Pineapple-250mL.jpg,$75.00,陽光菠蘿特飲250毫升紙包24包裝
Fanta Orange Flavoured Soda 330ml CAN 8P,fanta-orange-flavoured-soda-330ml-can-8p,330ml,8P,Fanta,,7117,Fanta’s fresh fruity with a happy and fun image is popular with young people!,https://s3-prd-hkp-ecommerce-01.s3.ap-southeast-1.amazonaws.com/ecom-prod/uploads/20240910143050/Fanta-8P-500X500-40656.jpg,$35.00,芬達橙味汽水330毫升8罐裝
“OOHA” Lemon & Honey Flavored Sparkling 500mL PET 24P,ooha-lemon-honey-flavored-sparkling-500ml-pet-24p,500mL,24P,OOHA,,3708,"New OOHA Sparkling Beverage (Lemon & Honey Flavoured), 0 sugar, 0 calories and 0 fat, dual flavours with classic combination, lemon flavour hits honey flavour, refreshing lemon flavour is neutralized by sweet honey flavour, every sip is a surprise!",https://s3-prd-hkp-ecommerce-01.s3.ap-southeast-1.amazonaws.com/ecom-prod/uploads/20230427115038/24PPETFn38411-1.jpg,$200.00,“OOHA” 檸檬蜂蜜味汽水 500mL膠樽裝 24樽裝
Nescafe Rich Coffee 250ml CAN 6P,nescafe-rich-coffee-250ml-can-6p,250ml,6P,Nescafe,,7132,"Rich, aromatic coffee and creaminess in every sip of NESCAFÉ® Coffee Beverage. Enjoy the delicious balance of coffee, milk and sugar anytime, anywhere.
*Can be redeemed by Packaged Product eCoupons",https://s3-prd-hkp-ecommerce-01.s3.ap-southeast-1.amazonaws.com/ecom-prod/uploads/20230427115320/NESCAFE-Rich-250ml-6P-1-1.jpg,$46.00,雀巢咖啡香濃咖啡250毫升6罐裝
Hi-C Lemon Blackcurrant Drink 250ml Paper Pack 24P,hi-c-lemon-blackcurrant-drink-250ml-paper-pack-24p,250ml,24P,Hi-C,,5114,Yeung Gwong Local Café Lemon Blackcurrant Juice Drink brings you the classic specialty drink taste that you will find in Hong Kong local café. The sweet blackcurrant juice matches so well with the sour lemon juice. The vintage packaging and the familiar taste allow you to appreciate a part of Hong Kong’s collective memory.,https://s3-prd-hkp-ecommerce-01.s3.ap-southeast-1.amazonaws.com/ecom-prod/uploads/20230427143223/Hi-C-Lemon-Blackcurrant-250mL.jpg,$75.00,陽光檸檬黑加侖子飲品250毫升紙包24包裝
NESCAFÉ® Korean Café Collection Cold Brew Black 370ml CAN 20P,nescafe-korean-cafe-collection-cold-brew-black-370ml-can-20p,370ml,20P,Nescafe,,3384,"Made in Korea, quality ingredient with 100% Arabica Coffee from Honduras, Ethiopia and Brazil and method brewed with longer time & lower temperature for a smoothness, nuttiness (almond, walnut, hazelnut taste) and mellow taste with less intensity.",https://s3-prd-hkp-ecommerce-01.s3.ap-southeast-1.amazonaws.com/ecom-prod/uploads/20240808103431/40455_eShop_NESCAFE_500x500px_1.jpg,$292.00,雀巢咖啡®韓國嚴選冷萃黑咖啡370毫升20罐裝
Hi-C Mandarin Flavoured Tea Beverage 250ml Paper Pack 24P,hi-c-mandarin-flavoured-tea-beverage-250ml-paper-pack-24p,250ml,24P,Hi-C,,2858,Yeung Gwong Mandarin Flavoured Tea has a signature mandarin fragrance. The vintage packaging and the familiar taste allow you to appreciate a part of Hong Kong’s collective memory.,https://s3-prd-hkp-ecommerce-01.s3.ap-southeast-1.amazonaws.com/ecom-prod/uploads/20230427143227/Hi-C-Mandarin-250mL.jpg,$75.00,陽光柑香茶飲料(柑味)250毫升紙包24包裝
Hi-C Ceylon Lemon Tea 250ml Paper Pack 24P,hi-c-ceylon-lemon-tea-250ml-paper-pack-24p,250ml,24P,Hi-C,,5113,Yeung Gwong Local Café Ceylon Lemon Tea is a Hong Kong local café classic. Vintage packaging and the familiar taste allow you to appreciate a part of Hong Kong’s collective memory.,https://s3-prd-hkp-ecommerce-01.s3.ap-southeast-1.amazonaws.com/ecom-prod/uploads/20230427143239/Hi-C-Ceylon-Lemon-250mL.jpg,$75.00,陽光錫蘭檸檬茶250毫升紙包24包裝
Nestea Ice Rush Lemon Tea 480ml PET 24P,nestea-ice-rush-lemon-tea-480ml-pet-24p,480ml,24P,Nestea,,5246,NESTEA® ICE RUSH® Lemon Tea with Lemon brings a crispy kick to spice up your summer! The special icy recipe blends with a classic mix of tea and a bright burst of lemon flavor. Freshen up your senses and bring in the coolness!,https://s3-prd-hkp-ecommerce-01.s3.ap-southeast-1.amazonaws.com/ecom-prod/uploads/20230427142959/Nestea-Ice-Rush-Lemon-480mL.jpg,$151.00,雀巢茶品冰極檸檬茶480毫升膠樽 24樽裝
Sprite Lemon-Lime Flavoured Soda 500ml PET 24P (Random delivery of old and new packings),sprite-lemon-lime-flavoured-soda-500ml-pet-24p,500ml,24P,Sprite,,5304,"With its clean, crisp, lemon-lime taste, Sprite quenches your thirst and helps you keep your cool in any heated moment.",https://s3-prd-hkp-ecommerce-01.s3.ap-southeast-1.amazonaws.com/ecom-prod/uploads/20230427142850/Sprite-500mL-1.jpg,$143.00,「雪碧」檸檬青檸味汽水500毫升膠樽24樽裝 (新舊包裝隨機發送)
Nescafe Smoovlatte Mocha Flavour Coffee Beverage 268ml PET 15P,nescafe-smoovlatte-mocha-flavour-coffee-beverage-268ml-pet-15p,268ml,15P,Nescafe,,2402,"NESCAFÉ® SMOOVLATTÉ® Coffee Beverage is made from a special blend of coffee beans. Its special silkiness is created from the perfect combination with a smooth rich milk. Enjoy the silky smooth experience. The SMOOVLATTÉ® range has two flavors, namely SMOOVLATTÉ® and Mocha, for your own choice.",https://s3-prd-hkp-ecommerce-01.s3.ap-southeast-1.amazonaws.com/ecom-prod/uploads/20230427143026/NC-Smoovlatte-Mocha-268mL.jpg,$139.00,雀巢咖啡Smoovlatte 絲滑朱古力咖啡飲料268毫升膠樽15樽裝
Hi-C Orange Juice Drink 250ml Paper Pack 6P,hi-c-orange-juice-drink-250ml-paper-pack-6p,250ml,6P,Hi-C,,7167,Yeung Gwong Orange Juice Drink brings you a classic local taste. The vintage packaging and the familiar taste allow you to appreciate a part of Hong Kong’s collective memory.,https://s3-prd-hkp-ecommerce-01.s3.ap-southeast-1.amazonaws.com/ecom-prod/uploads/20230427115404/7167_HiC_Orange-Juice-250mL_Print-ver-cmyk-6P-copy-2019_500-1.png,$18.00,陽光橙汁飲品250毫升紙包6包裝
Hi-C Orange Juice Drink 250ml Paper Pack 24P,hi-c-orange-juice-drink-250ml-paper-pack-24p,250ml,24P,Hi-C,,2892,Yeung Gwong Orange Juice Drink brings you a classic local taste. The vintage packaging and the familiar taste allow you to appreciate a part of Hong Kong’s collective memory.,https://s3-prd-hkp-ecommerce-01.s3.ap-southeast-1.amazonaws.com/ecom-prod/uploads/20230427143247/Hi-C-Orange-250mL.jpg,$75.00,陽光橙汁飲品250毫升紙包24包裝
Minute Maid White Grape Juice Drink 420ml PET 24P,minute-maid-white-grape-juice-drink-420ml-pet-24p,420ml,24P,Minute Maid,,5275,Minute Maid ® White Grape Pulpy tastes so good and refreshing with chewable aloe vera bits and delicious white grape juice! Made in Hong Kong and rich in vitamin C!,https://s3-prd-hkp-ecommerce-01.s3.ap-southeast-1.amazonaws.com/ecom-prod/uploads/20241120111419/40902_MMWG_420mLx24.jpg,$174.00,Minute Maid 蘆薈粒青提子汁飲品420毫升膠樽 24樽裝
Nescafe Smoovlatte Hazelnut Flavour Coffee Beverage 268ml PET 15P,nescafe-smoovlatte-hazelnut-flavour-coffee-beverage-268ml-pet-15p,268ml,15P,Nescafe,,5062,"The brand new NESCAFÉ® SMOOVLATTÉ® Hazelnut flavor coffee beverage is made from a special blend of coffee beans, together with the pleasant hazelnut aroma. You can taste every sip of the coffee with smoothness which brings you a new enjoyment!",https://s3-prd-hkp-ecommerce-01.s3.ap-southeast-1.amazonaws.com/ecom-prod/uploads/20230427143030/NC-Smoovlatte-Hazelnut-268mL.jpg,$139.00,雀巢咖啡Smoovlatte 榛子味咖啡飲料268毫升膠樽15樽裝
Kochakaden™ Craftea™ Orange Black Tea Beverage 500ml PET 24P,kochakaden-craftea-orange-black-tea-beverage-500ml-pet-24p,500ml,24P,Kochakaden,,3718,"Kochakaden™ Craftea™ Orange Tea Beverage is made with aromatic brewed tea, with real orange juice and honey imported from Japan added, which provides you with a conscious indulgence and allows you to enjoy ‘A Taste of Craft’ anytime, anywhere.",https://s3-prd-hkp-ecommerce-01.s3.ap-southeast-1.amazonaws.com/ecom-prod/uploads/20230627154942/eShop-KKD-Orange-Black-Tea-PET-500ml-24P-173-Web-Banner-38485_Product-Shot.jpg,$180.00,紅茶花伝™ Craftea™ 香橙紅茶飲料500毫升膠樽24樽裝
Coca-Cola 500ml PET 24P (Random delivery of old and new packings),coca-cola-500ml-pet-24p,500ml,24P,Coca-Cola,,4156,"Created in 1886 in Atlanta, Georgia, by Dr. John S. Pemberton, “Coca-Cola” was first offered as a fountain beverage at Jacob’s Pharmacy by mixing “Coca-Cola” syrup with carbonated water.
“Coca-Cola” Classic, classic taste for everyone",https://s3-prd-hkp-ecommerce-01.s3.ap-southeast-1.amazonaws.com/ecom-prod/uploads/20240726160052/CC-500mL.jpg,$143.00,「可口可樂」汽水500毫升 膠樽24樽裝 (新舊包裝隨機發送)
Monster® Ultra Paradise 355ml CAN 24P,monster-ultra-paradise-355ml-can-24p,355ml,24P,Monster,,3706,"Where is paradise? A chalet on the slopes, a stream side ranch or a penthouse in the city. How about a private island with a white sand beach, turquoise water and a gentle tropical breeze.
Monster Ultra Paradise, pure, crisp, invigorating island flavors.
Kick back and enjoy, Paradise is wherever you can find it!
Unleash The Ultra Beast!",https://s3-prd-hkp-ecommerce-01.s3.ap-southeast-1.amazonaws.com/ecom-prod/uploads/20230427143136/Monster-Ultra-Paradise-335mL.jpg,$290.00,魔爪超越仙境碳酸能量飲料 355 毫升 24 罐裝
Authentic Tea House® Cold Brew Taiwan Honey Black Tea Beverage (No Sugar) 500ml PET 24P,authentic-tea-house-cold-brew-taiwan-honey-black-tea-beverage-no-sugar-500ml-pet-24p,500ml,24P,Authentic Tea House,,3256,"“Authentic Tea House® Cold Brew Honey Black Tea ” uses Cold-brewing technique to minimize bitterness and astringency. This slowly crafted technique takes more time but thoroughly releases the natural sweetness of the tea. It offers up a gentle floral aroma and is both smooth and refreshing.
It is elegant and refreshing, exuding a charming fruity and honey aroma.",https://s3-prd-hkp-ecommerce-01.s3.ap-southeast-1.amazonaws.com/ecom-prod/uploads/20240314151827/39827_500x500px.jpg,$183.00,淳。茶舍® 冷萃台灣蜜香紅茶(無糖) 500毫升膠樽 24樽裝
Schweppes Cream Soda 330ml CAN 8P,schweppes-cream-soda-330ml-can-8p,330ml,8P,Schweppes,,7118,"With a signature creamy taste, “Schweppes” Cream Soda is well loved by Hong Kong people for decades!",https://s3-prd-hkp-ecommerce-01.s3.ap-southeast-1.amazonaws.com/ecom-prod/uploads/20230207104339/7118_sch_cs_8P-1.jpg,$35.00,「玉泉」忌廉味汽水330毫升8罐裝
Nescafe Smoovlatte Mocha Flavour Coffee Beverage 268ml PET 3P,nescafe-smoovlatte-mocha-flavour-coffee-beverage-268ml-pet-3p,268ml,3P,Nescafe,,7210,"NESCAFÉ® SMOOVLATTÉ® Coffee Beverage is made from a special blend of coffee beans. Its special silkiness is created from the perfect combination with a smooth rich milk. Enjoy the silky smooth experience. The SMOOVLATTÉ® range has two flavors, namely SMOOVLATTÉ® and Mocha, for your own choice.",https://s3-prd-hkp-ecommerce-01.s3.ap-southeast-1.amazonaws.com/ecom-prod/uploads/20230427115527/A7210_smv_mocha_3P-1.jpg,$32.00,雀巢咖啡Smoovlatte 絲滑朱古力咖啡飲料268毫升3支膠樽裝
Schweppes Tonic Water 200ml Mini Can 6P,schweppes-tonic-water-200ml-mini-can-6p,200ml,6P,Schweppes,,7177,“Schweppes” Mixer gets you surprised with free mix of different ingredients and beverages! New 200mL mini CAN is perfect for mixology. Just right for a glass of cocktail/ mocktail!,https://s3-prd-hkp-ecommerce-01.s3.ap-southeast-1.amazonaws.com/ecom-prod/uploads/20230427115445/7177_Schweppes_Tonic_Water_Mini_6P_mini_logo-1.png,$37.00,「玉泉」湯力水200毫升迷你罐6罐裝
“Schweppes” Cream Soda 500ml PET 24P,schweppes-cream-soda-500ml-pet-24p,500ml,24P,Schweppes,,5305,"With a signature creamy taste, “Schweppes” Cream Soda is well loved by Hong Kong people for decades!",https://s3-prd-hkp-ecommerce-01.s3.ap-southeast-1.amazonaws.com/ecom-prod/uploads/20230427142930/Sch-Cream-Soda-500mL.jpg,$143.00,「玉泉」忌廉味汽水500毫升膠樽 24樽裝
Monster Mango Loco 355ml CAN 24P,monster-mango-loco-355ml-can-24p,355ml,24P,Monster,,5164,"A crazy mango flavored energy drink, made with 16% real fruit juices. It is a heavenly blend of exotic juices certain to attract then the most stubborn spirit.",https://s3-prd-hkp-ecommerce-01.s3.ap-southeast-1.amazonaws.com/ecom-prod/uploads/20230427143128/Monster-Mango-Loco-355mL-1.jpg,$290.00,魔爪芒果狂歡碳酸能量飲料355毫升x24罐裝
Nescafe Smoovlatte Hazelnut Flavour Coffee Beverage 268ml PET 3P,nescafe-smoovlatte-hazelnut-flavour-coffee-beverage-268ml-pet-3p,268ml,3P,Nescafe,,7212,"The brand new NESCAFÉ® SMOOVLATTÉ® Hazelnut flavor coffee beverage is made from a special blend of coffee beans, together with the pleasant hazelnut aroma. You can taste every sip of the coffee with smoothness which brings you a new enjoyment!",https://s3-prd-hkp-ecommerce-01.s3.ap-southeast-1.amazonaws.com/ecom-prod/uploads/20230427115537/A7212_smv_hazelnut_3P-1.jpg,$32.00,雀巢咖啡Smoovlatte 榛子味咖啡飲料268毫升膠樽 3樽裝
Monster Ultra Peachy Keen 355ml CAN 24P,monster-ultra-peachy-keen-355ml-can-24p,355ml,24P,Monster,,3262,"Zero sugar, juicy peach flavor and the Monster Energy blend from our secret stash",https://s3-prd-hkp-ecommerce-01.s3.ap-southeast-1.amazonaws.com/ecom-prod/uploads/20240227161605/eShop-Monster-NPD-Monster-Ultra-Peachy-Keen-355mL-CAN-24P39820_v2_product-shot-500x500-2.jpg,$290.00,魔爪超越蜜桃閃耀碳酸能量飲料355毫升24罐裝
“Schweppes” +C Lemon Flavoured Soda 500ml PET 24P,schweppes-c-lemon-flavoured-soda-500ml-pet-24p,500ml,24P,Schweppes,,5306,“Schweppes +C” Lemon prepares you for everyday challenge with invigorating taste from lemon juice (2.5%) and reduced sugar,https://s3-prd-hkp-ecommerce-01.s3.ap-southeast-1.amazonaws.com/ecom-prod/uploads/20230427142926/Sch-C-500mL.jpg,$143.00,「玉泉」+C有氣檸檬味飲品500毫升膠樽 24樽裝
NESCAFÉ® Korean Café Collection Café Latte 370ml CAN 20P,nescafe-korean-cafe-collection-cafe-latte-370ml-can-20p,370ml,20P,Nescafe,,3376,"Made in Korea, 100% Arabica coffee from single origin, combined with rich coffee taste with mixed coffee bean, the perfect right balance of coffee and milk adds a new dimension to the flavor.",https://s3-prd-hkp-ecommerce-01.s3.ap-southeast-1.amazonaws.com/ecom-prod/uploads/20240808103458/40455_eShop_NESCAFE_500x500px_2.jpg,$292.00,雀巢咖啡®韓國嚴選牛奶咖啡370毫升20罐裝
Schweppes Cream Soda 330ml Tall Can 24P,schweppes-cream-soda-330ml-tall-can-24p,330ml,24P,Schweppes,,5148,"With a signature creamy taste, “Schweppes” Cream Soda is well loved by Hong Kong people for decades!",https://s3-prd-hkp-ecommerce-01.s3.ap-southeast-1.amazonaws.com/ecom-prod/uploads/20230427142723/Sch-Cream-Soda-Tall-Can-330mL.jpg,$102.00,「玉泉」忌廉味汽水330毫升 高罐裝 24罐裝
Authentic Tea House® Yinhao Jasmine Green Tea (No Sugar) 920ml PET 12P,authentic-tea-house-yinhao-jasmine-green-tea-no-sugar-920ml-pet-12p,920ml,12P,Authentic Tea House,,5263,"Brewed with sprout which still covered in silver fuzz, picked in Spring before Qing Ming to deliver a premium tea taste. Scented through five times with Jasmine flowers, the aroma is completely blended with the tea, and gives a lightly aromatic yet rich tea taste.
Offers a strong aromatic green tea taste which is fresh but not light, strong but not astringent.",https://s3-prd-hkp-ecommerce-01.s3.ap-southeast-1.amazonaws.com/ecom-prod/uploads/20241024145129/40824_ATH-Jasmine-920mL-12P.jpg,$118.00,淳。茶舍®銀毫苿莉綠茶飲料(無糖)920毫升膠樽 12樽裝
Kochakaden™ Craftea™ Peach Black Tea Beverage 920 ml PET 12P,kochakaden-craftea-peach-black-tea-beverage-920-ml-pet-12p,920 ml,12P,Kochakaden,,3723,"CRAFT represents quality
an attitude about dedication on one aspect until you excel it.
CRAFT is perfectly represented by craftea, a fine developed recipe taking the perfect balance of Honey, Tea as well as real fruit juice.
With the background origin from Japan, it further elevate the proposition of a quality indulgence.",https://s3-prd-hkp-ecommerce-01.s3.ap-southeast-1.amazonaws.com/ecom-prod/uploads/20230808112206/KKD-Peach_920mL.jpg,$174.00,紅茶花伝™ Craftea™ 蜜桃紅茶飲料 920 毫升膠樽 12 樽裝
Fanta Orange Flavoured Soda 500ml PET 24P,fanta-orange-flavoured-soda-500ml-pet-24p,500ml,24P,Fanta,,191,Fanta’s fresh fruity with a happy and fun image is popular with young people!,https://s3-prd-hkp-ecommerce-01.s3.ap-southeast-1.amazonaws.com/ecom-prod/uploads/20240910143044/Fanta-500mL-500X500-40656.jpg,$143.00,「芬達」橙味汽水500毫升膠樽24樽裝
HealthWorks Lemon Yiyiren Drink 250ml Paper Pack 6P,healthworks-lemon-yiyiren-drink-250ml-paper-pack-6p,250ml,6P,HealthWorks,,7168,"HealthWorks introduces the series of wellness and herbal ready-to-drinks to cater for the health need of busy citizens that they can consume it at home or on the go. Healthworks successfully combines the Traditional Wisdom modernized with present technology to provide consumers with wellness and herbal beverages that are with no added artificial coloring and contain ingredients to nourish the body and mind.
Healthworks offers 5 flavours which are Sugarcane Rhizoma Imperatae & Sea Coconut, Self-Heal Spike, Hawthorn Apple, Rock Sugar with Pear and Lemon Yiyiren (newly launch in 2018).",https://s3-prd-hkp-ecommerce-01.s3.ap-southeast-1.amazonaws.com/ecom-prod/uploads/20230427115409/7168_HW_Lemon_YYR_TP_6P_500-1.png,$18.00,健康工房檸檬薏米水飲料250毫升紙包6包裝
Minute Maid®Qoo® Orange Juice Drink 200mL Paper Pack 6P x 4,qoo-orange-juice-drink-200ml-paper-pack-6px4,200mL,6P,Minute Maid,,3430,,https://s3-prd-hkp-ecommerce-01.s3.ap-southeast-1.amazonaws.com/ecom-prod/uploads/20241220163944/40948_eShop_MMQoo_500x500px_5.jpg,$72.00,Minute Maid® Qoo®橙汁飲品200毫升紙包 6包裝 x 4
Sprite Lemon-Lime Flavoured Soda 330mL Tall Can 24P (Random delivery of old and new packings),sprite-lemon-lime-flavoured-soda-330ml-tall-can-24p,330mL,24P,Sprite,,5131,"With its clean, crisp, lemon-lime taste, Sprite quenches your thirst and helps you keep your cool in any heated moment.",https://s3-prd-hkp-ecommerce-01.s3.ap-southeast-1.amazonaws.com/ecom-prod/uploads/20230427142833/Sprite-Tall-Can-330mL.jpg,$102.00,「雪碧」檸檬青檸味汽水330毫升 高罐裝 24罐裝 (新舊包裝隨機發送)
Coca-Cola 500ml PET 4P,coca-cola-500ml-pet-4p,500ml,4P,Coca-Cola,,3356,"Created in 1886 in Atlanta, Georgia, by Dr. John S. Pemberton, “Coca-Cola” was first offered as a fountain beverage at Jacob’s Pharmacy by mixing “Coca-Cola” syrup with carbonated water.
“Coca-Cola” Classic, classic taste for everyone",https://s3-prd-hkp-ecommerce-01.s3.ap-southeast-1.amazonaws.com/ecom-prod/uploads/20240621111627/Coke-500ml-4P.jpg,$30.00,「可口可樂」汽水500毫升 膠樽4樽裝
Monster Pipeline Punch 355ml CAN 24P,monster-pipeline-punch-355ml-can-24p,355ml,24P,Monster,,5165,"Tropical fruits combining Guava, Orange and Mango",https://s3-prd-hkp-ecommerce-01.s3.ap-southeast-1.amazonaws.com/ecom-prod/uploads/20230427143124/Monster-Pipeline-Punch-355mL.jpg,$290.00,魔爪管浪潘趣碳酸能量飲料355毫升24罐裝
Hi-C Melon Flavoured Soya Milk 250ml Paper Pack 6P,hi-c-melon-flavoured-soya-milk-250ml-paper-pack-6p,250ml,6P,Hi-C,,7165,Yeung Gwong Melon Flavored Soya Milk is a classic local Hong Kong flavor. The vintage packaging and the familiar taste allow you to appreciate a part of Hong Kong’s collective memory.,https://s3-prd-hkp-ecommerce-01.s3.ap-southeast-1.amazonaws.com/ecom-prod/uploads/20230427115350/7165_HiC_Melon-Milk_250mL-6P-2019_500-1.png,$18.00,陽光蜜瓜味荳奶250毫升紙包6包裝
Authentic Tea House® Cloudy Green Tea (No Sugar) 920ml PET 12P,authentic-tea-house-cloudy-green-tea-no-sugar-920ml-pet-12p,920ml,12P,Authentic Tea House,,5260,"Authentic Tea House Japanese green tea has unique cloudiness, which perfectly brings out Japanese green tea’s fresh taste. Swirl the bottle three times before drinking for a smooth, fresh and bittersweet taste as well as richer mouth feel. You can now enjoy Japanese green tea, which tastes like freshly brewed on-the-go.",https://s3-prd-hkp-ecommerce-01.s3.ap-southeast-1.amazonaws.com/ecom-prod/uploads/20241206150025/40991_ATH-Cloudy-920mL-12P.jpg,$118.00,淳。茶舍®雲抹日式綠茶飲料(無糖)920毫升膠樽 12樽裝
